,target_image,penalty_lambda,lr,loss_func,dists,obj_func,metamer_loss,image_path,max_iter
0,einstein,0.0001,0.03,l2_norm-mse,0.7943195801323273,4.5528253502423895e-05,3.380328733490149e-07,/mnt/ceph/users/wbroderick/plenoptic_experiments/penalty_visual_diversity_2/model-LGC_img-einstein_lr-3e-02_loss-l2_norm-mse_penalty-dists_lambda-1e-04_cpu_seed-0_two-stage_iter-1000.png,1000
0,einstein-blur1,100.0,0.008,l2_norm,0.7873142314430244,45.880687085087786,4.228717799111108e-06,/mnt/ceph/users/wbroderick/plenoptic_experiments/penalty_visual_diversity_2/model-LGC_img-einstein-blur1_lr-8e-03_loss-l2_norm_penalty-dists_lambda-1e+02_cpu_seed-0_two-stage_iter-1000.png,1000
0,einstein-blur1,10.0,0.1,l2_norm,0.8408133740536049,4.592736614664033,5.479499796797405e-07,/mnt/ceph/users/wbroderick/plenoptic_experiments/penalty_visual_diversity_2/model-LGC_img-einstein-blur1_lr-1e-01_loss-l2_norm_penalty-dists_lambda-1e+01_cpu_seed-0_two-stage_iter-6000.png,6000
0,einstein-blur1,0.001,0.02,l2_norm-mse,0.8537223292642729,0.0004294400588448,3.507372254043699e-06,/mnt/ceph/users/wbroderick/plenoptic_experiments/penalty_visual_diversity_2/model-LGC_img-einstein-blur1_lr-2e-02_loss-l2_norm-mse_penalty-dists_lambda-1e-03_cpu_seed-0_two-stage_iter-6000.png,6000
0,einstein,1.0,0.03,l2_norm,0.7500697341721996,0.4961307318399086,3.587012287179945e-09,/mnt/ceph/users/wbroderick/plenoptic_experiments/penalty_visual_diversity_2/model-LGC_img-einstein_lr-3e-02_loss-l2_norm_penalty-dists_lambda-1e+00_cpu_seed-0_two-stage_iter-1000.png,1000
0,einstein-blur1,0.1,0.008,l2_norm,0.6153620963947792,0.0562384560520146,1.466905837670307e-10,/mnt/ceph/users/wbroderick/plenoptic_experiments/penalty_visual_diversity_2/model-LGC_img-einstein-blur1_lr-8e-03_loss-l2_norm_penalty-dists_lambda-1e-01_cpu_seed-0_two-stage_iter-1000.png,1000
0,einstein,0.0001,0.01,mse,0.8040984486217531,4.520751448197743e-05,4.581559007667782e-07,/mnt/ceph/users/wbroderick/plenoptic_experiments/penalty_visual_diversity_2/model-LGC_img-einstein_lr-1e-02_loss-mse_penalty-dists_lambda-1e-04_cpu_seed-0_two-stage_iter-1000.png,1000
0,einstein,0.0001,0.1,mse,0.7894837378357562,6.0344656808228645e-05,1.8765543824750973e-06,/mnt/ceph/users/wbroderick/plenoptic_experiments/penalty_visual_diversity_2/model-LGC_img-einstein_lr-1e-01_loss-mse_penalty-dists_lambda-1e-04_cpu_seed-0_two-stage_iter-1000.png,1000
0,einstein-blur1,0.0001,0.1,l2_norm-mse,0.805289495084885,7.216774919425803e-05,1.4090464542304884e-06,/mnt/ceph/users/wbroderick/plenoptic_experiments/penalty_visual_diversity_2/model-LGC_img-einstein-blur1_lr-1e-01_loss-l2_norm-mse_penalty-dists_lambda-1e-04_cpu_seed-0_two-stage_iter-6000.png,6000
0,einstein-blur1,0.01,0.1,l2_norm-mse,0.8794372929189669,0.0041718747870139,1.2637014270222896e-05,/mnt/ceph/users/wbroderick/plenoptic_experiments/penalty_visual_diversity_2/model-LGC_img-einstein-blur1_lr-1e-01_loss-l2_norm-mse_penalty-dists_lambda-1e-02_cpu_seed-0_two-stage_iter-6000.png,6000
0,einstein,0.0001,0.05,l2_norm-mse,0.8124672426372732,4.4943330509313575e-05,5.607489091603527e-07,/mnt/ceph/users/wbroderick/plenoptic_experiments/penalty_visual_diversity_2/model-LGC_img-einstein_lr-5e-02_loss-l2_norm-mse_penalty-dists_lambda-1e-04_cpu_seed-0_two-stage_iter-1000.png,1000
0,einstein-blur1,1e-05,0.02,mse,0.6890133823797561,5.056228839697965e-06,3.542817073865833e-08,/mnt/ceph/users/wbroderick/plenoptic_experiments/penalty_visual_diversity_2/model-LGC_img-einstein-blur1_lr-2e-02_loss-mse_penalty-dists_lambda-1e-05_cpu_seed-0_two-stage_iter-1000.png,1000
0,einstein-blur1,1e-05,0.05,l2_norm-mse,0.7993874229238418,4.514767541309848e-06,1.861463219027424e-08,/mnt/ceph/users/wbroderick/plenoptic_experiments/penalty_visual_diversity_2/model-LGC_img-einstein-blur1_lr-5e-02_loss-l2_norm-mse_penalty-dists_lambda-1e-05_cpu_seed-0_two-stage_iter-1000.png,1000
0,einstein,1.0,0.005,l2_norm,0.7317102723224871,0.4888233223305988,4.54677465702125e-10,/mnt/ceph/users/wbroderick/plenoptic_experiments/penalty_visual_diversity_2/model-LGC_img-einstein_lr-5e-03_loss-l2_norm_penalty-dists_lambda-1e+00_cpu_seed-0_two-stage_iter-1000.png,1000
0,einstein-blur1,1e-05,0.02,mse,0.7955912078356607,4.536353477857769e-06,2.3164606958811282e-08,/mnt/ceph/users/wbroderick/plenoptic_experiments/penalty_visual_diversity_2/model-LGC_img-einstein-blur1_lr-2e-02_loss-mse_penalty-dists_lambda-1e-05_cpu_seed-0_two-stage_iter-6000.png,6000
0,einstein,0.01,0.1,mse,0.8213041419296045,0.0045228774563639,1.2723968298518136e-05,/mnt/ceph/users/wbroderick/plenoptic_experiments/penalty_visual_diversity_2/model-LGC_img-einstein_lr-1e-01_loss-mse_penalty-dists_lambda-1e-02_cpu_seed-0_two-stage_iter-1000.png,1000
0,einstein-blur1,10.0,0.008,l2_norm,0.838284865393002,4.371363182112328,6.383502738530272e-08,/mnt/ceph/users/wbroderick/plenoptic_experiments/penalty_visual_diversity_2/model-LGC_img-einstein-blur1_lr-8e-03_loss-l2_norm_penalty-dists_lambda-1e+01_cpu_seed-0_two-stage_iter-6000.png,6000
0,einstein,10000.0,0.01,l2_norm,0.8339629588535912,4344.53252817775,7.754589635235478e-06,/mnt/ceph/users/wbroderick/plenoptic_experiments/penalty_visual_diversity_2/model-LGC_img-einstein_lr-1e-02_loss-l2_norm_penalty-dists_lambda-1e+04_cpu_seed-0_two-stage_iter-1000.png,1000
0,einstein,1e-05,0.008,mse,0.6923741416502837,5.263300280204194e-06,2.594221856102378e-07,/mnt/ceph/users/wbroderick/plenoptic_experiments/penalty_visual_diversity_2/model-LGC_img-einstein_lr-8e-03_loss-mse_penalty-dists_lambda-1e-05_cpu_seed-0_two-stage_iter-1000.png,1000
0,einstein-blur1,0.1,0.008,l2_norm,0.6986594542873221,0.0514910178130582,9.510878748607707e-11,/mnt/ceph/users/wbroderick/plenoptic_experiments/penalty_visual_diversity_2/model-LGC_img-einstein-blur1_lr-8e-03_loss-l2_norm_penalty-dists_lambda-1e-01_cpu_seed-0_two-stage_iter-6000.png,6000
0,einstein,0.0001,0.05,mse,0.8000824197989626,4.57405793795739e-05,7.929748007141329e-07,/mnt/ceph/users/wbroderick/plenoptic_experiments/penalty_visual_diversity_2/model-LGC_img-einstein_lr-5e-02_loss-mse_penalty-dists_lambda-1e-04_cpu_seed-0_two-stage_iter-1000.png,1000
0,einstein-blur1,1e-07,0.1,mse,0.6779915966040149,5.147610866945256e-08,7.123590288344023e-10,/mnt/ceph/users/wbroderick/plenoptic_experiments/penalty_visual_diversity_2/model-LGC_img-einstein-blur1_lr-1e-01_loss-mse_penalty-dists_lambda-1e-07_cpu_seed-0_two-stage_iter-6000.png,6000
0,einstein-blur1,0.001,0.05,l2_norm-mse,0.8764776500317231,0.0004210283720327,4.737677952360443e-06,/mnt/ceph/users/wbroderick/plenoptic_experiments/penalty_visual_diversity_2/model-LGC_img-einstein-blur1_lr-5e-02_loss-l2_norm-mse_penalty-dists_lambda-1e-03_cpu_seed-0_two-stage_iter-6000.png,6000
0,einstein-blur1,0.01,0.03,l2_norm-mse,0.8661139226668104,0.0042164313222834,9.894887282522334e-06,/mnt/ceph/users/wbroderick/plenoptic_experiments/penalty_visual_diversity_2/model-LGC_img-einstein-blur1_lr-3e-02_loss-l2_norm-mse_penalty-dists_lambda-1e-02_cpu_seed-0_two-stage_iter-1000.png,1000
0,einstein,0.1,0.1,l2_norm,0.6525299681986367,0.2672548613710024,1.8245761493072667e-07,/mnt/ceph/users/wbroderick/plenoptic_experiments/penalty_visual_diversity_2/model-LGC_img-einstein_lr-1e-01_loss-l2_norm_penalty-dists_lambda-1e-01_cpu_seed-0_two-stage_iter-1000.png,1000
0,einstein-blur1,1000.0,0.008,l2_norm,0.8501297954553557,428.0222594745858,1.2421319529574864e-05,/mnt/ceph/users/wbroderick/plenoptic_experiments/penalty_visual_diversity_2/model-LGC_img-einstein-blur1_lr-8e-03_loss-l2_norm_penalty-dists_lambda-1e+03_cpu_seed-0_two-stage_iter-6000.png,6000
0,einstein-blur1,1e-05,0.1,l2_norm-mse,0.811456460518881,4.478298213661438e-06,3.590801690101988e-08,/mnt/ceph/users/wbroderick/plenoptic_experiments/penalty_visual_diversity_2/model-LGC_img-einstein-blur1_lr-1e-01_loss-l2_norm-mse_penalty-dists_lambda-1e-05_cpu_seed-0_two-stage_iter-6000.png,6000
0,einstein-blur1,1.0,0.005,l2_norm,0.7199779536333721,0.4903638113356033,3.9351856334225516e-10,/mnt/ceph/users/wbroderick/plenoptic_experiments/penalty_visual_diversity_2/model-LGC_img-einstein-blur1_lr-5e-03_loss-l2_norm_penalty-dists_lambda-1e+00_cpu_seed-0_two-stage_iter-1000.png,1000
0,einstein,1000.0,0.03,l2_norm,0.8205497717005882,442.8098881624706,8.345498030365378e-06,/mnt/ceph/users/wbroderick/plenoptic_experiments/penalty_visual_diversity_2/model-LGC_img-einstein_lr-3e-02_loss-l2_norm_penalty-dists_lambda-1e+03_cpu_seed-0_two-stage_iter-1000.png,1000
0,einstein-blur1,1e-05,0.03,mse,0.7311849913883006,4.846428035490703e-06,3.2981053443370095e-08,/mnt/ceph/users/wbroderick/plenoptic_experiments/penalty_visual_diversity_2/model-LGC_img-einstein-blur1_lr-3e-02_loss-mse_penalty-dists_lambda-1e-05_cpu_seed-0_two-stage_iter-1000.png,1000
0,einstein-blur1,1000.0,0.1,l2_norm,0.8683034103818801,430.45265931171946,1.2093996759002531e-05,/mnt/ceph/users/wbroderick/plenoptic_experiments/penalty_visual_diversity_2/model-LGC_img-einstein-blur1_lr-1e-01_loss-l2_norm_penalty-dists_lambda-1e+03_cpu_seed-0_two-stage_iter-1000.png,1000
0,einstein-blur1,1e-06,0.03,mse,0.6159100450828846,5.553378028127508e-07,1.518760038517618e-08,/mnt/ceph/users/wbroderick/plenoptic_experiments/penalty_visual_diversity_2/model-LGC_img-einstein-blur1_lr-3e-02_loss-mse_penalty-dists_lambda-1e-06_cpu_seed-0_two-stage_iter-1000.png,1000
0,einstein,1e-05,0.05,l2_norm-mse,0.7480522938561246,4.752834965585436e-06,1.9918091113314045e-08,/mnt/ceph/users/wbroderick/plenoptic_experiments/penalty_visual_diversity_2/model-LGC_img-einstein_lr-5e-02_loss-l2_norm-mse_penalty-dists_lambda-1e-05_cpu_seed-0_two-stage_iter-1000.png,1000
0,einstein-blur1,1e-07,0.005,mse,0.4371001119286753,7.550948995937591e-08,1.091779685845088e-08,/mnt/ceph/users/wbroderick/plenoptic_experiments/penalty_visual_diversity_2/model-LGC_img-einstein-blur1_lr-5e-03_loss-mse_penalty-dists_lambda-1e-07_cpu_seed-0_two-stage_iter-6000.png,6000
0,einstein-blur1,1000.0,0.02,l2_norm,0.8377790126904382,433.2960886854652,1.0409522351380643e-05,/mnt/ceph/users/wbroderick/plenoptic_experiments/penalty_visual_diversity_2/model-LGC_img-einstein-blur1_lr-2e-02_loss-l2_norm_penalty-dists_lambda-1e+03_cpu_seed-0_two-stage_iter-1000.png,1000
0,einstein-blur1,10.0,0.01,l2_norm,0.7715633731792795,4.67060800450721,6.87693097768716e-08,/mnt/ceph/users/wbroderick/plenoptic_experiments/penalty_visual_diversity_2/model-LGC_img-einstein-blur1_lr-1e-02_loss-l2_norm_penalty-dists_lambda-1e+01_cpu_seed-0_two-stage_iter-1000.png,1000
0,einstein-blur1,1000.0,0.03,l2_norm,0.8558273030447745,426.1173502249447,1.0510850241326584e-05,/mnt/ceph/users/wbroderick/plenoptic_experiments/penalty_visual_diversity_2/model-LGC_img-einstein-blur1_lr-3e-02_loss-l2_norm_penalty-dists_lambda-1e+03_cpu_seed-0_two-stage_iter-1000.png,1000
0,einstein-blur1,1000.0,0.03,l2_norm,0.8923678276719719,410.3429035883318,1.2919332104873878e-05,/mnt/ceph/users/wbroderick/plenoptic_experiments/penalty_visual_diversity_2/model-LGC_img-einstein-blur1_lr-3e-02_loss-l2_norm_penalty-dists_lambda-1e+03_cpu_seed-0_two-stage_iter-6000.png,6000
0,einstein-blur1,0.0001,0.01,l2_norm-mse,0.8262158182335115,4.403726983391183e-05,2.650472928732288e-07,/mnt/ceph/users/wbroderick/plenoptic_experiments/penalty_visual_diversity_2/model-LGC_img-einstein-blur1_lr-1e-02_loss-l2_norm-mse_penalty-dists_lambda-1e-04_cpu_seed-0_two-stage_iter-6000.png,6000
0,einstein,10000.0,0.005,l2_norm,0.8019744432912923,4485.447954051222,5.13324648698594e-06,/mnt/ceph/users/wbroderick/plenoptic_experiments/penalty_visual_diversity_2/model-LGC_img-einstein_lr-5e-03_loss-l2_norm_penalty-dists_lambda-1e+04_cpu_seed-0_two-stage_iter-1000.png,1000
0,einstein-blur1,10.0,0.03,l2_norm,0.8167999146335043,4.512658458597487,2.152270938275559e-07,/mnt/ceph/users/wbroderick/plenoptic_experiments/penalty_visual_diversity_2/model-LGC_img-einstein-blur1_lr-3e-02_loss-l2_norm_penalty-dists_lambda-1e+01_cpu_seed-0_two-stage_iter-1000.png,1000
0,einstein-blur1,0.01,0.05,mse,0.8343352905429944,0.0043624797164905,1.7701217284295766e-05,/mnt/ceph/users/wbroderick/plenoptic_experiments/penalty_visual_diversity_2/model-LGC_img-einstein-blur1_lr-5e-02_loss-mse_penalty-dists_lambda-1e-02_cpu_seed-0_two-stage_iter-1000.png,1000
0,einstein,0.001,0.01,l2_norm-mse,0.8181142214089672,0.0004440820488317,2.8008253550739944e-06,/mnt/ceph/users/wbroderick/plenoptic_experiments/penalty_visual_diversity_2/model-LGC_img-einstein_lr-1e-02_loss-l2_norm-mse_penalty-dists_lambda-1e-03_cpu_seed-0_two-stage_iter-1000.png,1000
0,einstein-blur1,0.0001,0.008,mse,0.7726923944244904,4.644966191986522e-05,2.71703936157184e-07,/mnt/ceph/users/wbroderick/plenoptic_experiments/penalty_visual_diversity_2/model-LGC_img-einstein-blur1_lr-8e-03_loss-mse_penalty-dists_lambda-1e-04_cpu_seed-0_two-stage_iter-6000.png,6000
0,einstein-blur1,0.1,0.01,l2_norm,0.7122888026751688,0.0512204430802262,1.433983191638624e-10,/mnt/ceph/users/wbroderick/plenoptic_experiments/penalty_visual_diversity_2/model-LGC_img-einstein-blur1_lr-1e-02_loss-l2_norm_penalty-dists_lambda-1e-01_cpu_seed-0_two-stage_iter-6000.png,6000
0,einstein-blur1,1e-05,0.03,l2_norm-mse,0.7598735200438643,4.6947685970551705e-06,1.74545165911394e-08,/mnt/ceph/users/wbroderick/plenoptic_experiments/penalty_visual_diversity_2/model-LGC_img-einstein-blur1_lr-3e-02_loss-l2_norm-mse_penalty-dists_lambda-1e-05_cpu_seed-0_two-stage_iter-1000.png,1000
0,einstein-blur1,1e-06,0.02,l2_norm-mse,0.672065528165559,5.120243141802477e-07,1.3701192408246612e-09,/mnt/ceph/users/wbroderick/plenoptic_experiments/penalty_visual_diversity_2/model-LGC_img-einstein-blur1_lr-2e-02_loss-l2_norm-mse_penalty-dists_lambda-1e-06_cpu_seed-0_two-stage_iter-6000.png,6000
0,einstein,0.0001,0.005,mse,0.7550223621503335,4.7658791957158446e-05,6.586141639317211e-07,/mnt/ceph/users/wbroderick/plenoptic_experiments/penalty_visual_diversity_2/model-LGC_img-einstein_lr-5e-03_loss-mse_penalty-dists_lambda-1e-04_cpu_seed-0_two-stage_iter-1000.png,1000
0,einstein-blur1,10000.0,0.03,l2_norm,0.8694886331949508,4192.389136034258,1.2034227803678131e-05,/mnt/ceph/users/wbroderick/plenoptic_experiments/penalty_visual_diversity_2/model-LGC_img-einstein-blur1_lr-3e-02_loss-l2_norm_penalty-dists_lambda-1e+04_cpu_seed-0_two-stage_iter-1000.png,1000
0,einstein-blur1,1e-05,0.05,l2_norm-mse,0.8470002805018866,4.304991073825664e-06,1.7900362625461693e-08,/mnt/ceph/users/wbroderick/plenoptic_experiments/penalty_visual_diversity_2/model-LGC_img-einstein-blur1_lr-5e-02_loss-l2_norm-mse_penalty-dists_lambda-1e-05_cpu_seed-0_two-stage_iter-6000.png,6000
0,einstein-blur1,1e-05,0.008,mse,0.6286842201346026,5.393834951771473e-06,6.087441664967716e-08,/mnt/ceph/users/wbroderick/plenoptic_experiments/penalty_visual_diversity_2/model-LGC_img-einstein-blur1_lr-8e-03_loss-mse_penalty-dists_lambda-1e-05_cpu_seed-0_two-stage_iter-1000.png,1000
0,einstein-blur1,0.1,0.03,l2_norm,0.8062716252604263,0.0505047808280958,1.0407532034605286e-09,/mnt/ceph/users/wbroderick/plenoptic_experiments/penalty_visual_diversity_2/model-LGC_img-einstein-blur1_lr-3e-02_loss-l2_norm_penalty-dists_lambda-1e-01_cpu_seed-0_two-stage_iter-6000.png,6000
0,einstein,1e-07,0.03,l2_norm-mse,0.3787291383975872,6.897070426099021e-08,4.971242103343836e-10,/mnt/ceph/users/wbroderick/plenoptic_experiments/penalty_visual_diversity_2/model-LGC_img-einstein_lr-3e-02_loss-l2_norm-mse_penalty-dists_lambda-1e-07_cpu_seed-0_two-stage_iter-1000.png,1000
0,einstein-blur1,100.0,0.005,l2_norm,0.8169561891967285,44.62207678600883,6.015264433266284e-06,/mnt/ceph/users/wbroderick/plenoptic_experiments/penalty_visual_diversity_2/model-LGC_img-einstein-blur1_lr-5e-03_loss-l2_norm_penalty-dists_lambda-1e+02_cpu_seed-0_two-stage_iter-6000.png,6000
0,einstein-blur1,0.001,0.02,l2_norm-mse,0.8317177312568046,0.0004389857232691,3.659016432949276e-06,/mnt/ceph/users/wbroderick/plenoptic_experiments/penalty_visual_diversity_2/model-LGC_img-einstein-blur1_lr-2e-02_loss-l2_norm-mse_penalty-dists_lambda-1e-03_cpu_seed-0_two-stage_iter-1000.png,1000
0,einstein,10000.0,0.03,l2_norm,0.8252863096810736,4393.412450377451,8.613444128045064e-06,/mnt/ceph/users/wbroderick/plenoptic_experiments/penalty_visual_diversity_2/model-LGC_img-einstein_lr-3e-02_loss-l2_norm_penalty-dists_lambda-1e+04_cpu_seed-0_two-stage_iter-1000.png,1000
0,einstein-blur1,1e-05,0.05,mse,0.8041149618905057,4.50542642822622e-06,3.04196184389819e-08,/mnt/ceph/users/wbroderick/plenoptic_experiments/penalty_visual_diversity_2/model-LGC_img-einstein-blur1_lr-5e-02_loss-mse_penalty-dists_lambda-1e-05_cpu_seed-0_two-stage_iter-6000.png,6000
0,einstein-blur1,0.0001,0.02,mse,0.8441560632002425,4.325999733133015e-05,2.6643112573354974e-07,/mnt/ceph/users/wbroderick/plenoptic_experiments/penalty_visual_diversity_2/model-LGC_img-einstein-blur1_lr-2e-02_loss-mse_penalty-dists_lambda-1e-04_cpu_seed-0_two-stage_iter-6000.png,6000
0,einstein,0.001,0.1,l2_norm-mse,0.8277931936725156,0.0004723288462815,9.058226100104446e-06,/mnt/ceph/users/wbroderick/plenoptic_experiments/penalty_visual_diversity_2/model-LGC_img-einstein_lr-1e-01_loss-l2_norm-mse_penalty-dists_lambda-1e-03_cpu_seed-0_two-stage_iter-1000.png,1000
0,einstein-blur1,1e-06,0.02,l2_norm-mse,0.5902580047955714,5.55578625004016e-07,1.3918104511720212e-09,/mnt/ceph/users/wbroderick/plenoptic_experiments/penalty_visual_diversity_2/model-LGC_img-einstein-blur1_lr-2e-02_loss-l2_norm-mse_penalty-dists_lambda-1e-06_cpu_seed-0_two-stage_iter-1000.png,1000
0,einstein-blur1,1000.0,0.05,l2_norm,0.8821770911985105,416.891377942946,1.3704619354355964e-05,/mnt/ceph/users/wbroderick/plenoptic_experiments/penalty_visual_diversity_2/model-LGC_img-einstein-blur1_lr-5e-02_loss-l2_norm_penalty-dists_lambda-1e+03_cpu_seed-0_two-stage_iter-6000.png,6000
0,einstein-blur1,0.01,0.03,mse,0.8303663778221038,0.0043698660306104,9.95645948405309e-06,/mnt/ceph/users/wbroderick/plenoptic_experiments/penalty_visual_diversity_2/model-LGC_img-einstein-blur1_lr-3e-02_loss-mse_penalty-dists_lambda-1e-02_cpu_seed-0_two-stage_iter-1000.png,1000
0,einstein,1e-07,0.008,l2_norm-mse,0.2353460034308536,7.953834643524959e-08,5.04631680339479e-10,/mnt/ceph/users/wbroderick/plenoptic_experiments/penalty_visual_diversity_2/model-LGC_img-einstein_lr-8e-03_loss-l2_norm-mse_penalty-dists_lambda-1e-07_cpu_seed-0_two-stage_iter-1000.png,1000
0,einstein-blur1,1e-07,0.008,mse,0.3380525167572228,1.0650815616020467e-07,3.518530719216898e-08,/mnt/ceph/users/wbroderick/plenoptic_experiments/penalty_visual_diversity_2/model-LGC_img-einstein-blur1_lr-8e-03_loss-mse_penalty-dists_lambda-1e-07_cpu_seed-0_two-stage_iter-1000.png,1000
0,einstein,0.001,0.008,l2_norm-mse,0.8093309564485345,0.0004477022340019,2.535554064338404e-06,/mnt/ceph/users/wbroderick/plenoptic_experiments/penalty_visual_diversity_2/model-LGC_img-einstein_lr-8e-03_loss-l2_norm-mse_penalty-dists_lambda-1e-03_cpu_seed-0_two-stage_iter-1000.png,1000
0,einstein-blur1,1.0,0.01,l2_norm,0.7420701252690656,0.4806643912210705,6.219602065190199e-10,/mnt/ceph/users/wbroderick/plenoptic_experiments/penalty_visual_diversity_2/model-LGC_img-einstein-blur1_lr-1e-02_loss-l2_norm_penalty-dists_lambda-1e+00_cpu_seed-0_two-stage_iter-1000.png,1000
0,einstein-blur1,10000.0,0.05,l2_norm,0.8198062921655968,4439.023102365321,1.0806179560577896e-05,/mnt/ceph/users/wbroderick/plenoptic_experiments/penalty_visual_diversity_2/model-LGC_img-einstein-blur1_lr-5e-02_loss-l2_norm_penalty-dists_lambda-1e+04_cpu_seed-0_two-stage_iter-1000.png,1000
0,einstein-blur1,10.0,0.008,l2_norm,0.7602207537519774,4.720469383324439,6.034829548316557e-08,/mnt/ceph/users/wbroderick/plenoptic_experiments/penalty_visual_diversity_2/model-LGC_img-einstein-blur1_lr-8e-03_loss-l2_norm_penalty-dists_lambda-1e+01_cpu_seed-0_two-stage_iter-1000.png,1000
0,einstein-blur1,0.001,0.05,mse,0.8557209851944794,0.0004317609727336,6.619382269273023e-06,/mnt/ceph/users/wbroderick/plenoptic_experiments/penalty_visual_diversity_2/model-LGC_img-einstein-blur1_lr-5e-02_loss-mse_penalty-dists_lambda-1e-03_cpu_seed-0_two-stage_iter-1000.png,1000
0,einstein-blur1,1.0,0.005,l2_norm,0.7579439248330146,0.471749737316389,2.9352358456154287e-10,/mnt/ceph/users/wbroderick/plenoptic_experiments/penalty_visual_diversity_2/model-LGC_img-einstein-blur1_lr-5e-03_loss-l2_norm_penalty-dists_lambda-1e+00_cpu_seed-0_two-stage_iter-6000.png,6000
0,einstein-blur1,10.0,0.005,l2_norm,0.803547262225961,4.515222956916729,4.2966867544530665e-08,/mnt/ceph/users/wbroderick/plenoptic_experiments/penalty_visual_diversity_2/model-LGC_img-einstein-blur1_lr-5e-03_loss-l2_norm_penalty-dists_lambda-1e+01_cpu_seed-0_two-stage_iter-6000.png,6000
0,einstein-blur1,0.0001,0.05,mse,0.8088340939895583,4.545602779130242e-05,8.740717023973745e-07,/mnt/ceph/users/wbroderick/plenoptic_experiments/penalty_visual_diversity_2/model-LGC_img-einstein-blur1_lr-5e-02_loss-mse_penalty-dists_lambda-1e-04_cpu_seed-0_two-stage_iter-6000.png,6000
0,einstein-blur1,1e-07,0.008,mse,0.4532347506190664,7.088470917321231e-08,7.327344558802184e-09,/mnt/ceph/users/wbroderick/plenoptic_experiments/penalty_visual_diversity_2/model-LGC_img-einstein-blur1_lr-8e-03_loss-mse_penalty-dists_lambda-1e-07_cpu_seed-0_two-stage_iter-6000.png,6000
0,einstein,100.0,0.1,l2_norm,0.8369870689820281,45.734108354284736,1.070199897105258e-05,/mnt/ceph/users/wbroderick/plenoptic_experiments/penalty_visual_diversity_2/model-LGC_img-einstein_lr-1e-01_loss-l2_norm_penalty-dists_lambda-1e+02_cpu_seed-0_two-stage_iter-1000.png,1000
0,einstein,0.001,0.02,mse,0.8761749326356603,0.0004204045469915,3.1084587880537552e-06,/mnt/ceph/users/wbroderick/plenoptic_experiments/penalty_visual_diversity_2/model-LGC_img-einstein_lr-2e-02_loss-mse_penalty-dists_lambda-1e-03_cpu_seed-0_two-stage_iter-1000.png,1000
0,einstein-blur1,1e-06,0.01,mse,0.5206234350212438,6.244045192879107e-07,3.0251329307335284e-08,/mnt/ceph/users/wbroderick/plenoptic_experiments/penalty_visual_diversity_2/model-LGC_img-einstein-blur1_lr-1e-02_loss-mse_penalty-dists_lambda-1e-06_cpu_seed-0_two-stage_iter-1000.png,1000
0,einstein,0.1,0.008,l2_norm,0.616332774127347,0.0591967521448401,2.064645690575705e-10,/mnt/ceph/users/wbroderick/plenoptic_experiments/penalty_visual_diversity_2/model-LGC_img-einstein_lr-8e-03_loss-l2_norm_penalty-dists_lambda-1e-01_cpu_seed-0_two-stage_iter-1000.png,1000
0,einstein,1e-07,0.05,l2_norm-mse,0.4453509659987246,6.481454005421753e-08,7.544637821044421e-10,/mnt/ceph/users/wbroderick/plenoptic_experiments/penalty_visual_diversity_2/model-LGC_img-einstein_lr-5e-02_loss-l2_norm-mse_penalty-dists_lambda-1e-07_cpu_seed-0_two-stage_iter-1000.png,1000
0,einstein-blur1,1e-05,0.01,mse,0.6636014672327166,5.201540622676398e-06,5.158174755823832e-08,/mnt/ceph/users/wbroderick/plenoptic_experiments/penalty_visual_diversity_2/model-LGC_img-einstein-blur1_lr-1e-02_loss-mse_penalty-dists_lambda-1e-05_cpu_seed-0_two-stage_iter-1000.png,1000
0,einstein-blur1,0.0001,0.03,mse,0.8271965877585179,4.418921647685408e-05,4.573458960994088e-07,/mnt/ceph/users/wbroderick/plenoptic_experiments/penalty_visual_diversity_2/model-LGC_img-einstein-blur1_lr-3e-02_loss-mse_penalty-dists_lambda-1e-04_cpu_seed-0_two-stage_iter-6000.png,6000
0,einstein-blur1,1e-05,0.05,mse,0.7447794531274741,4.796089906052633e-06,4.7560037212972127e-08,/mnt/ceph/users/wbroderick/plenoptic_experiments/penalty_visual_diversity_2/model-LGC_img-einstein-blur1_lr-5e-02_loss-mse_penalty-dists_lambda-1e-05_cpu_seed-0_two-stage_iter-1000.png,1000
0,einstein-blur1,1.0,0.008,l2_norm,0.7923529040902861,0.4566869185093334,4.596066393938611e-10,/mnt/ceph/users/wbroderick/plenoptic_experiments/penalty_visual_diversity_2/model-LGC_img-einstein-blur1_lr-8e-03_loss-l2_norm_penalty-dists_lambda-1e+00_cpu_seed-0_two-stage_iter-6000.png,6000
0,einstein,1e-06,0.03,mse,0.6047119779763019,6.292033799742151e-07,8.296992444497216e-08,/mnt/ceph/users/wbroderick/plenoptic_experiments/penalty_visual_diversity_2/model-LGC_img-einstein_lr-3e-02_loss-mse_penalty-dists_lambda-1e-06_cpu_seed-0_two-stage_iter-1000.png,1000
0,einstein,1e-06,0.1,mse,0.6835880850441647,5.515313412431927e-07,4.6727624426297454e-08,/mnt/ceph/users/wbroderick/plenoptic_experiments/penalty_visual_diversity_2/model-LGC_img-einstein_lr-1e-01_loss-mse_penalty-dists_lambda-1e-06_cpu_seed-0_two-stage_iter-1000.png,1000
0,einstein-blur1,0.01,0.05,mse,0.7679912427488504,0.0050649229385635,1.390305745869829e-05,/mnt/ceph/users/wbroderick/plenoptic_experiments/penalty_visual_diversity_2/model-LGC_img-einstein-blur1_lr-5e-02_loss-mse_penalty-dists_lambda-1e-02_cpu_seed-0_two-stage_iter-6000.png,6000
0,einstein,1e-05,0.005,l2_norm-mse,0.5680156541235608,5.693997877728747e-06,2.7493805794860117e-08,/mnt/ceph/users/wbroderick/plenoptic_experiments/penalty_visual_diversity_2/model-LGC_img-einstein_lr-5e-03_loss-l2_norm-mse_penalty-dists_lambda-1e-05_cpu_seed-0_two-stage_iter-1000.png,1000
0,einstein-blur1,0.01,0.02,mse,0.8205404524547549,0.0044119295091639,9.200672810901153e-06,/mnt/ceph/users/wbroderick/plenoptic_experiments/penalty_visual_diversity_2/model-LGC_img-einstein-blur1_lr-2e-02_loss-mse_penalty-dists_lambda-1e-02_cpu_seed-0_two-stage_iter-1000.png,1000
0,einstein,1e-06,0.01,l2_norm-mse,0.448301998862834,6.413521342641979e-07,2.6373523395714322e-09,/mnt/ceph/users/wbroderick/plenoptic_experiments/penalty_visual_diversity_2/model-LGC_img-einstein_lr-1e-02_loss-l2_norm-mse_penalty-dists_lambda-1e-06_cpu_seed-0_two-stage_iter-1000.png,1000
0,einstein-blur1,0.0001,0.01,mse,0.7875143606915275,4.576773644178743e-05,2.695455569043707e-07,/mnt/ceph/users/wbroderick/plenoptic_experiments/penalty_visual_diversity_2/model-LGC_img-einstein-blur1_lr-1e-02_loss-mse_penalty-dists_lambda-1e-04_cpu_seed-0_two-stage_iter-6000.png,6000
0,einstein,0.0001,0.1,l2_norm-mse,0.7896867931469428,5.640790536877137e-05,1.7560659844653526e-06,/mnt/ceph/users/wbroderick/plenoptic_experiments/penalty_visual_diversity_2/model-LGC_img-einstein_lr-1e-01_loss-l2_norm-mse_penalty-dists_lambda-1e-04_cpu_seed-0_two-stage_iter-1000.png,1000
0,einstein-blur1,0.0001,0.05,l2_norm-mse,0.8566198705419603,4.305435451918636e-05,5.881136752265314e-07,/mnt/ceph/users/wbroderick/plenoptic_experiments/penalty_visual_diversity_2/model-LGC_img-einstein-blur1_lr-5e-02_loss-l2_norm-mse_penalty-dists_lambda-1e-04_cpu_seed-0_two-stage_iter-6000.png,6000
0,einstein-blur1,10000.0,0.008,l2_norm,0.8030002549120839,4480.430676447609,7.356687789477226e-06,/mnt/ceph/users/wbroderick/plenoptic_experiments/penalty_visual_diversity_2/model-LGC_img-einstein-blur1_lr-8e-03_loss-l2_norm_penalty-dists_lambda-1e+04_cpu_seed-0_two-stage_iter-1000.png,1000
0,einstein-blur1,10000.0,0.02,l2_norm,0.8576998725888311,4242.285205003746,1.3035347721905495e-05,/mnt/ceph/users/wbroderick/plenoptic_experiments/penalty_visual_diversity_2/model-LGC_img-einstein-blur1_lr-2e-02_loss-l2_norm_penalty-dists_lambda-1e+04_cpu_seed-0_two-stage_iter-6000.png,6000
0,einstein-blur1,0.01,0.1,l2_norm-mse,0.8569332434825391,0.0044206203707533,1.159126632346518e-05,/mnt/ceph/users/wbroderick/plenoptic_experiments/penalty_visual_diversity_2/model-LGC_img-einstein-blur1_lr-1e-01_loss-l2_norm-mse_penalty-dists_lambda-1e-02_cpu_seed-0_two-stage_iter-1000.png,1000
0,einstein,0.0001,0.02,l2_norm-mse,0.7801125946578522,4.611544497597019e-05,2.789112553668964e-07,/mnt/ceph/users/wbroderick/plenoptic_experiments/penalty_visual_diversity_2/model-LGC_img-einstein_lr-2e-02_loss-l2_norm-mse_penalty-dists_lambda-1e-04_cpu_seed-0_two-stage_iter-1000.png,1000
0,einstein-blur1,1e-05,0.005,l2_norm-mse,0.6971964800304893,4.9964026173464464e-06,1.6585645917464805e-08,/mnt/ceph/users/wbroderick/plenoptic_experiments/penalty_visual_diversity_2/model-LGC_img-einstein-blur1_lr-5e-03_loss-l2_norm-mse_penalty-dists_lambda-1e-05_cpu_seed-0_two-stage_iter-6000.png,6000
0,einstein,0.01,0.02,mse,0.8845716746985597,0.0041382629497227,8.920148205151818e-06,/mnt/ceph/users/wbroderick/plenoptic_experiments/penalty_visual_diversity_2/model-LGC_img-einstein_lr-2e-02_loss-mse_penalty-dists_lambda-1e-02_cpu_seed-0_two-stage_iter-1000.png,1000
0,einstein,0.01,0.005,l2_norm-mse,0.7992920861264154,0.0045011490964978,4.533804411180015e-06,/mnt/ceph/users/wbroderick/plenoptic_experiments/penalty_visual_diversity_2/model-LGC_img-einstein_lr-5e-03_loss-l2_norm-mse_penalty-dists_lambda-1e-02_cpu_seed-0_two-stage_iter-1000.png,1000
0,einstein-blur1,1e-06,0.1,mse,0.7105469467221299,5.026174993877356e-07,1.1237960346802058e-08,/mnt/ceph/users/wbroderick/plenoptic_experiments/penalty_visual_diversity_2/model-LGC_img-einstein-blur1_lr-1e-01_loss-mse_penalty-dists_lambda-1e-06_cpu_seed-0_two-stage_iter-1000.png,1000
0,einstein-blur1,1e-07,0.02,l2_norm-mse,0.4375284618741359,6.480696902654343e-08,2.4277370391546467e-10,/mnt/ceph/users/wbroderick/plenoptic_experiments/penalty_visual_diversity_2/model-LGC_img-einstein-blur1_lr-2e-02_loss-l2_norm-mse_penalty-dists_lambda-1e-07_cpu_seed-0_two-stage_iter-1000.png,1000
0,einstein-blur1,0.001,0.1,mse,0.8649171463062937,0.0004593289009081,4.872400408993309e-06,/mnt/ceph/users/wbroderick/plenoptic_experiments/penalty_visual_diversity_2/model-LGC_img-einstein-blur1_lr-1e-01_loss-mse_penalty-dists_lambda-1e-03_cpu_seed-0_two-stage_iter-6000.png,6000
0,einstein,1e-05,0.05,mse,0.7365318817850427,4.8888105681994524e-06,1.010407977328191e-07,/mnt/ceph/users/wbroderick/plenoptic_experiments/penalty_visual_diversity_2/model-LGC_img-einstein_lr-5e-02_loss-mse_penalty-dists_lambda-1e-05_cpu_seed-0_two-stage_iter-1000.png,1000
0,einstein,10.0,0.05,l2_norm,0.7366746326512765,5.578229838588294,3.5900013425077026e-06,/mnt/ceph/users/wbroderick/plenoptic_experiments/penalty_visual_diversity_2/model-LGC_img-einstein_lr-5e-02_loss-l2_norm_penalty-dists_lambda-1e+01_cpu_seed-0_two-stage_iter-1000.png,1000
0,einstein,1e-07,0.005,mse,0.2799374670999606,4.101576625134484e-07,3.344646240097945e-07,/mnt/ceph/users/wbroderick/plenoptic_experiments/penalty_visual_diversity_2/model-LGC_img-einstein_lr-5e-03_loss-mse_penalty-dists_lambda-1e-07_cpu_seed-0_two-stage_iter-1000.png,1000
0,einstein-blur1,0.1,0.05,l2_norm,0.8108366296719713,0.0541356641688447,2.7555319712745155e-09,/mnt/ceph/users/wbroderick/plenoptic_experiments/penalty_visual_diversity_2/model-LGC_img-einstein-blur1_lr-5e-02_loss-l2_norm_penalty-dists_lambda-1e-01_cpu_seed-0_two-stage_iter-6000.png,6000
0,einstein,1e-05,0.02,l2_norm-mse,0.6933292290126987,5.019918434906068e-06,2.0805484932813233e-08,/mnt/ceph/users/wbroderick/plenoptic_experiments/penalty_visual_diversity_2/model-LGC_img-einstein_lr-2e-02_loss-l2_norm-mse_penalty-dists_lambda-1e-05_cpu_seed-0_two-stage_iter-1000.png,1000
0,einstein,0.1,0.01,l2_norm,0.6328670885346562,0.0588394886139649,2.504517268190615e-10,/mnt/ceph/users/wbroderick/plenoptic_experiments/penalty_visual_diversity_2/model-LGC_img-einstein_lr-1e-02_loss-l2_norm_penalty-dists_lambda-1e-01_cpu_seed-0_two-stage_iter-1000.png,1000
0,einstein-blur1,100.0,0.03,l2_norm,0.8884592305259351,41.62005248769816,7.351073831975979e-06,/mnt/ceph/users/wbroderick/plenoptic_experiments/penalty_visual_diversity_2/model-LGC_img-einstein-blur1_lr-3e-02_loss-l2_norm_penalty-dists_lambda-1e+02_cpu_seed-0_two-stage_iter-6000.png,6000
0,einstein-blur1,1e-05,0.02,l2_norm-mse,0.7886116399265334,4.563161510314956e-06,1.8349159704468573e-08,/mnt/ceph/users/wbroderick/plenoptic_experiments/penalty_visual_diversity_2/model-LGC_img-einstein-blur1_lr-2e-02_loss-l2_norm-mse_penalty-dists_lambda-1e-05_cpu_seed-0_two-stage_iter-6000.png,6000
0,einstein-blur1,1e-06,0.02,mse,0.5676768161401581,5.847072366620353e-07,1.78638669997084e-08,/mnt/ceph/users/wbroderick/plenoptic_experiments/penalty_visual_diversity_2/model-LGC_img-einstein-blur1_lr-2e-02_loss-mse_penalty-dists_lambda-1e-06_cpu_seed-0_two-stage_iter-1000.png,1000
0,einstein-blur1,0.01,0.005,l2_norm-mse,0.8093660313459252,0.0044608706487695,9.391020695417492e-06,/mnt/ceph/users/wbroderick/plenoptic_experiments/penalty_visual_diversity_2/model-LGC_img-einstein-blur1_lr-5e-03_loss-l2_norm-mse_penalty-dists_lambda-1e-02_cpu_seed-0_two-stage_iter-6000.png,6000
0,einstein-blur1,0.0001,0.1,mse,0.82117763758263,4.6578501542854265e-05,6.532186510901923e-07,/mnt/ceph/users/wbroderick/plenoptic_experiments/penalty_visual_diversity_2/model-LGC_img-einstein-blur1_lr-1e-01_loss-mse_penalty-dists_lambda-1e-04_cpu_seed-0_two-stage_iter-6000.png,6000
0,einstein,100.0,0.05,l2_norm,0.7230454345068964,52.49551129417232,1.0460199730965351e-05,/mnt/ceph/users/wbroderick/plenoptic_experiments/penalty_visual_diversity_2/model-LGC_img-einstein_lr-5e-02_loss-l2_norm_penalty-dists_lambda-1e+02_cpu_seed-0_two-stage_iter-1000.png,1000
0,einstein,0.001,0.03,l2_norm-mse,0.8291526787008036,0.0004405087351826,3.817243863979889e-06,/mnt/ceph/users/wbroderick/plenoptic_experiments/penalty_visual_diversity_2/model-LGC_img-einstein_lr-3e-02_loss-l2_norm-mse_penalty-dists_lambda-1e-03_cpu_seed-0_two-stage_iter-1000.png,1000
0,einstein,1e-07,0.03,mse,0.4226762429218141,1.4465786148307088e-07,7.912350402144469e-08,/mnt/ceph/users/wbroderick/plenoptic_experiments/penalty_visual_diversity_2/model-LGC_img-einstein_lr-3e-02_loss-mse_penalty-dists_lambda-1e-07_cpu_seed-0_two-stage_iter-1000.png,1000
0,einstein-blur1,1.0,0.01,l2_norm,0.798188875232957,0.4549538754616324,6.938094641947458e-10,/mnt/ceph/users/wbroderick/plenoptic_experiments/penalty_visual_diversity_2/model-LGC_img-einstein-blur1_lr-1e-02_loss-l2_norm_penalty-dists_lambda-1e+00_cpu_seed-0_two-stage_iter-6000.png,6000
0,einstein,10000.0,0.02,l2_norm,0.8331125127237449,4349.994293267006,8.532878147356418e-06,/mnt/ceph/users/wbroderick/plenoptic_experiments/penalty_visual_diversity_2/model-LGC_img-einstein_lr-2e-02_loss-l2_norm_penalty-dists_lambda-1e+04_cpu_seed-0_two-stage_iter-1000.png,1000
0,einstein-blur1,0.0001,0.02,l2_norm-mse,0.7989130996077053,4.53054664239572e-05,3.218174928854239e-07,/mnt/ceph/users/wbroderick/plenoptic_experiments/penalty_visual_diversity_2/model-LGC_img-einstein-blur1_lr-2e-02_loss-l2_norm-mse_penalty-dists_lambda-1e-04_cpu_seed-0_two-stage_iter-1000.png,1000
0,einstein,1000.0,0.008,l2_norm,0.8241344090765794,439.54905295262176,6.215405940098404e-06,/mnt/ceph/users/wbroderick/plenoptic_experiments/penalty_visual_diversity_2/model-LGC_img-einstein_lr-8e-03_loss-l2_norm_penalty-dists_lambda-1e+03_cpu_seed-0_two-stage_iter-1000.png,1000
0,einstein,0.001,0.03,mse,0.8334702059937592,0.0004385982486571,3.7490061683034457e-06,/mnt/ceph/users/wbroderick/plenoptic_experiments/penalty_visual_diversity_2/model-LGC_img-einstein_lr-3e-02_loss-mse_penalty-dists_lambda-1e-03_cpu_seed-0_two-stage_iter-1000.png,1000
0,einstein,0.01,0.02,l2_norm-mse,0.8386607488589228,0.0043317746534573,7.510259439737248e-06,/mnt/ceph/users/wbroderick/plenoptic_experiments/penalty_visual_diversity_2/model-LGC_img-einstein_lr-2e-02_loss-l2_norm-mse_penalty-dists_lambda-1e-02_cpu_seed-0_two-stage_iter-1000.png,1000
0,einstein,0.01,0.03,mse,0.8381296190306058,0.0043428841469757,8.444637255861896e-06,/mnt/ceph/users/wbroderick/plenoptic_experiments/penalty_visual_diversity_2/model-LGC_img-einstein_lr-3e-02_loss-mse_penalty-dists_lambda-1e-02_cpu_seed-0_two-stage_iter-1000.png,1000
0,einstein-blur1,0.01,0.05,l2_norm-mse,0.8744983452224804,0.0041961894528627,1.2045351857485563e-05,/mnt/ceph/users/wbroderick/plenoptic_experiments/penalty_visual_diversity_2/model-LGC_img-einstein-blur1_lr-5e-02_loss-l2_norm-mse_penalty-dists_lambda-1e-02_cpu_seed-0_two-stage_iter-6000.png,6000
0,einstein-blur1,0.01,0.005,mse,0.8212145895629417,0.0044084451810861,9.334538429464457e-06,/mnt/ceph/users/wbroderick/plenoptic_experiments/penalty_visual_diversity_2/model-LGC_img-einstein-blur1_lr-5e-03_loss-mse_penalty-dists_lambda-1e-02_cpu_seed-0_two-stage_iter-6000.png,6000
0,einstein-blur1,0.001,0.1,l2_norm-mse,0.8745033122373171,0.0004342424182503,4.438885630526791e-06,/mnt/ceph/users/wbroderick/plenoptic_experiments/penalty_visual_diversity_2/model-LGC_img-einstein-blur1_lr-1e-01_loss-l2_norm-mse_penalty-dists_lambda-1e-03_cpu_seed-0_two-stage_iter-6000.png,6000
0,einstein-blur1,0.1,0.1,l2_norm,0.7829135172397571,0.0781416678023719,2.0342607036231036e-08,/mnt/ceph/users/wbroderick/plenoptic_experiments/penalty_visual_diversity_2/model-LGC_img-einstein-blur1_lr-1e-01_loss-l2_norm_penalty-dists_lambda-1e-01_cpu_seed-0_two-stage_iter-6000.png,6000
0,einstein,1e-06,0.008,l2_norm-mse,0.4175141712270622,6.614871829635044e-07,2.802028501378602e-09,/mnt/ceph/users/wbroderick/plenoptic_experiments/penalty_visual_diversity_2/model-LGC_img-einstein_lr-8e-03_loss-l2_norm-mse_penalty-dists_lambda-1e-06_cpu_seed-0_two-stage_iter-1000.png,1000
0,einstein-blur1,1e-07,0.01,l2_norm-mse,0.4934210605944624,6.118660924508574e-08,1.3279084002275086e-10,/mnt/ceph/users/wbroderick/plenoptic_experiments/penalty_visual_diversity_2/model-LGC_img-einstein-blur1_lr-1e-02_loss-l2_norm-mse_penalty-dists_lambda-1e-07_cpu_seed-0_two-stage_iter-6000.png,6000
0,einstein-blur1,0.01,0.008,mse,0.7815248612425135,0.0045836587249275,6.154566556559018e-06,/mnt/ceph/users/wbroderick/plenoptic_experiments/penalty_visual_diversity_2/model-LGC_img-einstein-blur1_lr-8e-03_loss-mse_penalty-dists_lambda-1e-02_cpu_seed-0_two-stage_iter-1000.png,1000
0,einstein,0.0001,0.02,mse,0.8372939013451397,4.365960483681468e-05,3.711775837090266e-07,/mnt/ceph/users/wbroderick/plenoptic_experiments/penalty_visual_diversity_2/model-LGC_img-einstein_lr-2e-02_loss-mse_penalty-dists_lambda-1e-04_cpu_seed-0_two-stage_iter-1000.png,1000
0,einstein-blur1,10000.0,0.05,l2_norm,0.7024810962929645,6746.024847977669,1.2197833603232014e-05,/mnt/ceph/users/wbroderick/plenoptic_experiments/penalty_visual_diversity_2/model-LGC_img-einstein-blur1_lr-5e-02_loss-l2_norm_penalty-dists_lambda-1e+04_cpu_seed-0_two-stage_iter-6000.png,6000
0,einstein-blur1,10000.0,0.005,l2_norm,0.7771524684297861,4597.64195728669,5.699022405258106e-06,/mnt/ceph/users/wbroderick/plenoptic_experiments/penalty_visual_diversity_2/model-LGC_img-einstein-blur1_lr-5e-03_loss-l2_norm_penalty-dists_lambda-1e+04_cpu_seed-0_two-stage_iter-1000.png,1000
0,einstein-blur1,1.0,0.03,l2_norm,0.8013664472948666,0.457678806725753,2.397256698302943e-09,/mnt/ceph/users/wbroderick/plenoptic_experiments/penalty_visual_diversity_2/model-LGC_img-einstein-blur1_lr-3e-02_loss-l2_norm_penalty-dists_lambda-1e+00_cpu_seed-0_two-stage_iter-1000.png,1000
0,einstein-blur1,1e-07,0.008,l2_norm-mse,0.4730640770431213,6.244642666385454e-08,1.3697265963112287e-10,/mnt/ceph/users/wbroderick/plenoptic_experiments/penalty_visual_diversity_2/model-LGC_img-einstein-blur1_lr-8e-03_loss-l2_norm-mse_penalty-dists_lambda-1e-07_cpu_seed-0_two-stage_iter-6000.png,6000
0,einstein,1000.0,0.01,l2_norm,0.8353680900430316,434.70659470784847,7.017780745305621e-06,/mnt/ceph/users/wbroderick/plenoptic_experiments/penalty_visual_diversity_2/model-LGC_img-einstein_lr-1e-02_loss-l2_norm_penalty-dists_lambda-1e+03_cpu_seed-0_two-stage_iter-1000.png,1000
0,einstein-blur1,1e-06,0.01,l2_norm-mse,0.5251536298463438,5.931421825429013e-07,1.6736658252904783e-09,/mnt/ceph/users/wbroderick/plenoptic_experiments/penalty_visual_diversity_2/model-LGC_img-einstein-blur1_lr-1e-02_loss-l2_norm-mse_penalty-dists_lambda-1e-06_cpu_seed-0_two-stage_iter-1000.png,1000
0,einstein,1e-06,0.005,mse,0.5074370814903758,9.450328186738922e-07,3.429753167866758e-07,/mnt/ceph/users/wbroderick/plenoptic_experiments/penalty_visual_diversity_2/model-LGC_img-einstein_lr-5e-03_loss-mse_penalty-dists_lambda-1e-06_cpu_seed-0_two-stage_iter-1000.png,1000
0,einstein-blur1,0.001,0.05,l2_norm-mse,0.8089593658340761,0.000453647608889,5.743103177148773e-06,/mnt/ceph/users/wbroderick/plenoptic_experiments/penalty_visual_diversity_2/model-LGC_img-einstein-blur1_lr-5e-02_loss-l2_norm-mse_penalty-dists_lambda-1e-03_cpu_seed-0_two-stage_iter-1000.png,1000
0,einstein,0.01,0.01,mse,0.8685478256282668,0.0042028180249152,6.96799482911756e-06,/mnt/ceph/users/wbroderick/plenoptic_experiments/penalty_visual_diversity_2/model-LGC_img-einstein_lr-1e-02_loss-mse_penalty-dists_lambda-1e-02_cpu_seed-0_two-stage_iter-1000.png,1000
0,einstein-blur1,10.0,0.02,l2_norm,0.8262000769082247,4.447704547517626,1.4959656506955834e-07,/mnt/ceph/users/wbroderick/plenoptic_experiments/penalty_visual_diversity_2/model-LGC_img-einstein-blur1_lr-2e-02_loss-l2_norm_penalty-dists_lambda-1e+01_cpu_seed-0_two-stage_iter-6000.png,6000
0,einstein-blur1,1e-05,0.005,mse,0.6024367720312249,5.575218029802859e-06,1.004259925523771e-07,/mnt/ceph/users/wbroderick/plenoptic_experiments/penalty_visual_diversity_2/model-LGC_img-einstein-blur1_lr-5e-03_loss-mse_penalty-dists_lambda-1e-05_cpu_seed-0_two-stage_iter-1000.png,1000
0,einstein-blur1,0.0001,0.005,mse,0.7737978521045967,4.639976906098399e-05,2.73475608296256e-07,/mnt/ceph/users/wbroderick/plenoptic_experiments/penalty_visual_diversity_2/model-LGC_img-einstein-blur1_lr-5e-03_loss-mse_penalty-dists_lambda-1e-04_cpu_seed-0_two-stage_iter-6000.png,6000
0,einstein-blur1,0.0001,0.02,l2_norm-mse,0.8344383197398304,4.396800918262195e-05,4.974552237702943e-07,/mnt/ceph/users/wbroderick/plenoptic_experiments/penalty_visual_diversity_2/model-LGC_img-einstein-blur1_lr-2e-02_loss-l2_norm-mse_penalty-dists_lambda-1e-04_cpu_seed-0_two-stage_iter-6000.png,6000
0,einstein-blur1,0.001,0.01,l2_norm-mse,0.8457373471223708,0.00043250570701,3.2207547912929588e-06,/mnt/ceph/users/wbroderick/plenoptic_experiments/penalty_visual_diversity_2/model-LGC_img-einstein-blur1_lr-1e-02_loss-l2_norm-mse_penalty-dists_lambda-1e-03_cpu_seed-0_two-stage_iter-6000.png,6000
0,einstein,1e-05,0.01,l2_norm-mse,0.6243247070538473,5.380920384587815e-06,2.467555652326184e-08,/mnt/ceph/users/wbroderick/plenoptic_experiments/penalty_visual_diversity_2/model-LGC_img-einstein_lr-1e-02_loss-l2_norm-mse_penalty-dists_lambda-1e-05_cpu_seed-0_two-stage_iter-1000.png,1000
0,einstein-blur1,1e-05,0.1,l2_norm-mse,0.8176509758604865,4.492129994593645e-06,7.714774502897963e-08,/mnt/ceph/users/wbroderick/plenoptic_experiments/penalty_visual_diversity_2/model-LGC_img-einstein-blur1_lr-1e-01_loss-l2_norm-mse_penalty-dists_lambda-1e-05_cpu_seed-0_two-stage_iter-1000.png,1000
0,einstein-blur1,1e-06,0.05,l2_norm-mse,0.6712962201281368,5.127300217338045e-07,1.6820289974385835e-09,/mnt/ceph/users/wbroderick/plenoptic_experiments/penalty_visual_diversity_2/model-LGC_img-einstein-blur1_lr-5e-02_loss-l2_norm-mse_penalty-dists_lambda-1e-06_cpu_seed-0_two-stage_iter-1000.png,1000
0,einstein-blur1,0.001,0.005,mse,0.7320034664199297,0.0004830669317006,2.115300382106614e-06,/mnt/ceph/users/wbroderick/plenoptic_experiments/penalty_visual_diversity_2/model-LGC_img-einstein-blur1_lr-5e-03_loss-mse_penalty-dists_lambda-1e-03_cpu_seed-0_two-stage_iter-1000.png,1000
0,einstein-blur1,1.0,0.008,l2_norm,0.7280348905617035,0.4870170927431269,5.221628287643913e-10,/mnt/ceph/users/wbroderick/plenoptic_experiments/penalty_visual_diversity_2/model-LGC_img-einstein-blur1_lr-8e-03_loss-l2_norm_penalty-dists_lambda-1e+00_cpu_seed-0_two-stage_iter-1000.png,1000
0,einstein-blur1,1e-07,0.02,l2_norm-mse,0.5423831584251197,5.8264342741384666e-08,1.2799744394931078e-10,/mnt/ceph/users/wbroderick/plenoptic_experiments/penalty_visual_diversity_2/model-LGC_img-einstein-blur1_lr-2e-02_loss-l2_norm-mse_penalty-dists_lambda-1e-07_cpu_seed-0_two-stage_iter-6000.png,6000
0,einstein-blur1,0.0001,0.008,l2_norm-mse,0.747286527824526,4.76242430714e-05,2.5823938136435466e-07,/mnt/ceph/users/wbroderick/plenoptic_experiments/penalty_visual_diversity_2/model-LGC_img-einstein-blur1_lr-8e-03_loss-l2_norm-mse_penalty-dists_lambda-1e-04_cpu_seed-0_two-stage_iter-1000.png,1000
0,einstein-blur1,0.01,0.01,l2_norm-mse,0.8543356854975009,0.0042664428552493,1.0654761120289048e-05,/mnt/ceph/users/wbroderick/plenoptic_experiments/penalty_visual_diversity_2/model-LGC_img-einstein-blur1_lr-1e-02_loss-l2_norm-mse_penalty-dists_lambda-1e-02_cpu_seed-0_two-stage_iter-6000.png,6000
0,einstein,10000.0,0.05,l2_norm,0.7142460892471552,5299.4624315805095,1.068470475381558e-05,/mnt/ceph/users/wbroderick/plenoptic_experiments/penalty_visual_diversity_2/model-LGC_img-einstein_lr-5e-02_loss-l2_norm_penalty-dists_lambda-1e+04_cpu_seed-0_two-stage_iter-1000.png,1000
0,einstein-blur1,1e-06,0.008,l2_norm-mse,0.5111669783348753,6.013854253881017e-07,1.586419701449413e-09,/mnt/ceph/users/wbroderick/plenoptic_experiments/penalty_visual_diversity_2/model-LGC_img-einstein-blur1_lr-8e-03_loss-l2_norm-mse_penalty-dists_lambda-1e-06_cpu_seed-0_two-stage_iter-1000.png,1000
0,einstein,1000.0,0.005,l2_norm,0.8042085055289381,448.22929725704745,4.607311222952228e-06,/mnt/ceph/users/wbroderick/plenoptic_experiments/penalty_visual_diversity_2/model-LGC_img-einstein_lr-5e-03_loss-l2_norm_penalty-dists_lambda-1e+03_cpu_seed-0_two-stage_iter-1000.png,1000
0,einstein-blur1,1e-05,0.008,l2_norm-mse,0.7297929579427915,4.837259806373556e-06,1.7146853766258232e-08,/mnt/ceph/users/wbroderick/plenoptic_experiments/penalty_visual_diversity_2/model-LGC_img-einstein-blur1_lr-8e-03_loss-l2_norm-mse_penalty-dists_lambda-1e-05_cpu_seed-0_two-stage_iter-6000.png,6000
0,einstein-blur1,1e-05,0.1,mse,0.8155598231822034,4.458757527843072e-06,3.4479460991868635e-08,/mnt/ceph/users/wbroderick/plenoptic_experiments/penalty_visual_diversity_2/model-LGC_img-einstein-blur1_lr-1e-01_loss-mse_penalty-dists_lambda-1e-05_cpu_seed-0_two-stage_iter-1000.png,1000
0,einstein-blur1,1e-06,0.05,l2_norm-mse,0.7552781182447927,4.712448122124621e-07,1.3625938946268843e-09,/mnt/ceph/users/wbroderick/plenoptic_experiments/penalty_visual_diversity_2/model-LGC_img-einstein-blur1_lr-5e-02_loss-l2_norm-mse_penalty-dists_lambda-1e-06_cpu_seed-0_two-stage_iter-6000.png,6000
0,einstein-blur1,1e-06,0.008,mse,0.5083398139718244,6.398075692361455e-07,3.830966125123167e-08,/mnt/ceph/users/wbroderick/plenoptic_experiments/penalty_visual_diversity_2/model-LGC_img-einstein-blur1_lr-8e-03_loss-mse_penalty-dists_lambda-1e-06_cpu_seed-0_two-stage_iter-1000.png,1000
0,einstein-blur1,0.01,0.1,mse,0.8613675358388473,0.0043101784565023,1.0702709492138214e-05,/mnt/ceph/users/wbroderick/plenoptic_experiments/penalty_visual_diversity_2/model-LGC_img-einstein-blur1_lr-1e-01_loss-mse_penalty-dists_lambda-1e-02_cpu_seed-0_two-stage_iter-1000.png,1000
0,einstein-blur1,0.0001,0.005,l2_norm-mse,0.7717113716360922,4.649936802546619e-05,2.7667932738605814e-07,/mnt/ceph/users/wbroderick/plenoptic_experiments/penalty_visual_diversity_2/model-LGC_img-einstein-blur1_lr-5e-03_loss-l2_norm-mse_penalty-dists_lambda-1e-04_cpu_seed-0_two-stage_iter-6000.png,6000
0,einstein,1e-05,0.1,l2_norm-mse,0.7824865833375062,4.610653936610867e-06,3.790689694248167e-08,/mnt/ceph/users/wbroderick/plenoptic_experiments/penalty_visual_diversity_2/model-LGC_img-einstein_lr-1e-01_loss-l2_norm-mse_penalty-dists_lambda-1e-05_cpu_seed-0_two-stage_iter-1000.png,1000
0,einstein,1e-06,0.03,l2_norm-mse,0.5535755831016346,5.770724992575133e-07,2.1809336053513227e-09,/mnt/ceph/users/wbroderick/plenoptic_experiments/penalty_visual_diversity_2/model-LGC_img-einstein_lr-3e-02_loss-l2_norm-mse_penalty-dists_lambda-1e-06_cpu_seed-0_two-stage_iter-1000.png,1000
0,einstein-blur1,1e-05,0.005,mse,0.7011293194810557,4.988422998851933e-06,2.815559360958392e-08,/mnt/ceph/users/wbroderick/plenoptic_experiments/penalty_visual_diversity_2/model-LGC_img-einstein-blur1_lr-5e-03_loss-mse_penalty-dists_lambda-1e-05_cpu_seed-0_two-stage_iter-6000.png,6000
0,einstein-blur1,1000.0,0.005,l2_norm,0.7708749276328729,463.0361995383244,5.364689440319225e-06,/mnt/ceph/users/wbroderick/plenoptic_experiments/penalty_visual_diversity_2/model-LGC_img-einstein-blur1_lr-5e-03_loss-l2_norm_penalty-dists_lambda-1e+03_cpu_seed-0_two-stage_iter-1000.png,1000
0,einstein-blur1,0.001,0.1,mse,0.8038348519642371,0.0004598011572754,6.2028772770587205e-06,/mnt/ceph/users/wbroderick/plenoptic_experiments/penalty_visual_diversity_2/model-LGC_img-einstein-blur1_lr-1e-01_loss-mse_penalty-dists_lambda-1e-03_cpu_seed-0_two-stage_iter-1000.png,1000
0,einstein,10.0,0.01,l2_norm,0.7954043911634526,4.567635382767674,2.1233522814611745e-08,/mnt/ceph/users/wbroderick/plenoptic_experiments/penalty_visual_diversity_2/model-LGC_img-einstein_lr-1e-02_loss-l2_norm_penalty-dists_lambda-1e+01_cpu_seed-0_two-stage_iter-1000.png,1000
0,einstein-blur1,10.0,0.03,l2_norm,0.7916387653661476,4.843293126092674,2.851252780689924e-06,/mnt/ceph/users/wbroderick/plenoptic_experiments/penalty_visual_diversity_2/model-LGC_img-einstein-blur1_lr-3e-02_loss-l2_norm_penalty-dists_lambda-1e+01_cpu_seed-0_two-stage_iter-6000.png,6000
0,einstein,10000.0,0.1,l2_norm,0.8382498973381961,4460.521917284531,1.2667335622074826e-05,/mnt/ceph/users/wbroderick/plenoptic_experiments/penalty_visual_diversity_2/model-LGC_img-einstein_lr-1e-01_loss-l2_norm_penalty-dists_lambda-1e+04_cpu_seed-0_two-stage_iter-1000.png,1000
0,einstein-blur1,1e-07,0.01,mse,0.4592132018825098,6.923453767374632e-08,6.056064941267374e-09,/mnt/ceph/users/wbroderick/plenoptic_experiments/penalty_visual_diversity_2/model-LGC_img-einstein-blur1_lr-1e-02_loss-mse_penalty-dists_lambda-1e-07_cpu_seed-0_two-stage_iter-6000.png,6000
0,einstein-blur1,100.0,0.008,l2_norm,0.851871023758497,43.13150181629766,6.679660720221368e-06,/mnt/ceph/users/wbroderick/plenoptic_experiments/penalty_visual_diversity_2/model-LGC_img-einstein-blur1_lr-8e-03_loss-l2_norm_penalty-dists_lambda-1e+02_cpu_seed-0_two-stage_iter-6000.png,6000
0,einstein,100.0,0.005,l2_norm,0.7993692127125134,45.44846128770652,1.803211270641066e-06,/mnt/ceph/users/wbroderick/plenoptic_experiments/penalty_visual_diversity_2/model-LGC_img-einstein_lr-5e-03_loss-l2_norm_penalty-dists_lambda-1e+02_cpu_seed-0_two-stage_iter-1000.png,1000
0,einstein-blur1,0.01,0.01,mse,0.8068146228267341,0.0044703516814762,7.504020983121188e-06,/mnt/ceph/users/wbroderick/plenoptic_experiments/penalty_visual_diversity_2/model-LGC_img-einstein-blur1_lr-1e-02_loss-mse_penalty-dists_lambda-1e-02_cpu_seed-0_two-stage_iter-1000.png,1000
0,einstein,1e-06,0.02,l2_norm-mse,0.5492198455409101,5.797760641776027e-07,2.373907854646128e-09,/mnt/ceph/users/wbroderick/plenoptic_experiments/penalty_visual_diversity_2/model-LGC_img-einstein_lr-2e-02_loss-l2_norm-mse_penalty-dists_lambda-1e-06_cpu_seed-0_two-stage_iter-1000.png,1000
0,einstein-blur1,10.0,0.05,l2_norm,0.827126497276548,4.572426702398611,8.922905392172866e-07,/mnt/ceph/users/wbroderick/plenoptic_experiments/penalty_visual_diversity_2/model-LGC_img-einstein-blur1_lr-5e-02_loss-l2_norm_penalty-dists_lambda-1e+01_cpu_seed-0_two-stage_iter-6000.png,6000
0,einstein,0.001,0.02,l2_norm-mse,0.8334742994744581,0.0004378826784781,3.258730266569751e-06,/mnt/ceph/users/wbroderick/plenoptic_experiments/penalty_visual_diversity_2/model-LGC_img-einstein_lr-2e-02_loss-l2_norm-mse_penalty-dists_lambda-1e-03_cpu_seed-0_two-stage_iter-1000.png,1000
0,einstein,1e-05,0.03,mse,0.7259903416056566,4.947489564455266e-06,1.09006052738346e-07,/mnt/ceph/users/wbroderick/plenoptic_experiments/penalty_visual_diversity_2/model-LGC_img-einstein_lr-3e-02_loss-mse_penalty-dists_lambda-1e-05_cpu_seed-0_two-stage_iter-1000.png,1000
0,einstein-blur1,1000.0,0.01,l2_norm,0.8551935065721732,425.8769464951789,1.3302207537055008e-05,/mnt/ceph/users/wbroderick/plenoptic_experiments/penalty_visual_diversity_2/model-LGC_img-einstein-blur1_lr-1e-02_loss-l2_norm_penalty-dists_lambda-1e+03_cpu_seed-0_two-stage_iter-6000.png,6000
0,einstein-blur1,1e-05,0.1,mse,0.7848872911301111,4.630788109270855e-06,5.3799241851699535e-08,/mnt/ceph/users/wbroderick/plenoptic_experiments/penalty_visual_diversity_2/model-LGC_img-einstein-blur1_lr-1e-01_loss-mse_penalty-dists_lambda-1e-05_cpu_seed-0_two-stage_iter-6000.png,6000
0,einstein-blur1,1e-06,0.05,mse,0.6393839137765954,5.447638595955691e-07,1.7143853032288112e-08,/mnt/ceph/users/wbroderick/plenoptic_experiments/penalty_visual_diversity_2/model-LGC_img-einstein-blur1_lr-5e-02_loss-mse_penalty-dists_lambda-1e-06_cpu_seed-0_two-stage_iter-1000.png,1000
0,einstein-blur1,1e-07,0.008,l2_norm-mse,0.3578941552482392,7.018543786800564e-08,2.684058502470108e-10,/mnt/ceph/users/wbroderick/plenoptic_experiments/penalty_visual_diversity_2/model-LGC_img-einstein-blur1_lr-8e-03_loss-l2_norm-mse_penalty-dists_lambda-1e-07_cpu_seed-0_two-stage_iter-1000.png,1000
0,einstein-blur1,0.1,0.005,l2_norm,0.6696903407151592,0.0524266369366888,4.687634390481552e-11,/mnt/ceph/users/wbroderick/plenoptic_experiments/penalty_visual_diversity_2/model-LGC_img-einstein-blur1_lr-5e-03_loss-l2_norm_penalty-dists_lambda-1e-01_cpu_seed-0_two-stage_iter-6000.png,6000
0,einstein-blur1,10.0,0.02,l2_norm,0.8171062392183761,4.474211330224525,9.615075034635805e-08,/mnt/ceph/users/wbroderick/plenoptic_experiments/penalty_visual_diversity_2/model-LGC_img-einstein-blur1_lr-2e-02_loss-l2_norm_penalty-dists_lambda-1e+01_cpu_seed-0_two-stage_iter-1000.png,1000
0,einstein,0.01,0.05,l2_norm-mse,0.7179584904961683,0.0052033803429486,1.01583857847706e-05,/mnt/ceph/users/wbroderick/plenoptic_experiments/penalty_visual_diversity_2/model-LGC_img-einstein_lr-5e-02_loss-l2_norm-mse_penalty-dists_lambda-1e-02_cpu_seed-0_two-stage_iter-1000.png,1000
0,einstein-blur1,10000.0,0.03,l2_norm,0.864171880754417,4222.749386524973,1.2942424394883708e-05,/mnt/ceph/users/wbroderick/plenoptic_experiments/penalty_visual_diversity_2/model-LGC_img-einstein-blur1_lr-3e-02_loss-l2_norm_penalty-dists_lambda-1e+04_cpu_seed-0_two-stage_iter-6000.png,6000
0,einstein-blur1,1e-07,0.05,l2_norm-mse,0.6408759024013377,5.2879323057912033e-08,1.9600318474790967e-10,/mnt/ceph/users/wbroderick/plenoptic_experiments/penalty_visual_diversity_2/model-LGC_img-einstein-blur1_lr-5e-02_loss-l2_norm-mse_penalty-dists_lambda-1e-07_cpu_seed-0_two-stage_iter-6000.png,6000
0,einstein-blur1,0.1,0.05,l2_norm,0.7533334227652855,0.0571189433907386,3.041966777620144e-09,/mnt/ceph/users/wbroderick/plenoptic_experiments/penalty_visual_diversity_2/model-LGC_img-einstein-blur1_lr-5e-02_loss-l2_norm_penalty-dists_lambda-1e-01_cpu_seed-0_two-stage_iter-1000.png,1000
0,einstein-blur1,0.0001,0.005,l2_norm-mse,0.7188725694081871,4.897190467314869e-05,2.411775650889058e-07,/mnt/ceph/users/wbroderick/plenoptic_experiments/penalty_visual_diversity_2/model-LGC_img-einstein-blur1_lr-5e-03_loss-l2_norm-mse_penalty-dists_lambda-1e-04_cpu_seed-0_two-stage_iter-1000.png,1000
0,einstein,1000.0,0.05,l2_norm,0.7142431060542478,551.1135898336425,1.0356882520456418e-05,/mnt/ceph/users/wbroderick/plenoptic_experiments/penalty_visual_diversity_2/model-LGC_img-einstein_lr-5e-02_loss-l2_norm_penalty-dists_lambda-1e+03_cpu_seed-0_two-stage_iter-1000.png,1000
0,einstein,10.0,0.02,l2_norm,0.7879178183890231,4.6317964301742025,5.041471034895081e-08,/mnt/ceph/users/wbroderick/plenoptic_experiments/penalty_visual_diversity_2/model-LGC_img-einstein_lr-2e-02_loss-l2_norm_penalty-dists_lambda-1e+01_cpu_seed-0_two-stage_iter-1000.png,1000
0,einstein,1e-07,0.05,mse,0.4935897687624833,1.2307892588970094e-07,6.202884023402162e-08,/mnt/ceph/users/wbroderick/plenoptic_experiments/penalty_visual_diversity_2/model-LGC_img-einstein_lr-5e-02_loss-mse_penalty-dists_lambda-1e-07_cpu_seed-0_two-stage_iter-1000.png,1000
0,einstein,0.001,0.005,mse,0.8137568373223041,0.0004454832433425,2.29135369539816e-06,/mnt/ceph/users/wbroderick/plenoptic_experiments/penalty_visual_diversity_2/model-LGC_img-einstein_lr-5e-03_loss-mse_penalty-dists_lambda-1e-03_cpu_seed-0_two-stage_iter-1000.png,1000
0,einstein-blur1,0.01,0.02,l2_norm-mse,0.8538466968381707,0.0042716572805831,1.0500652926633768e-05,/mnt/ceph/users/wbroderick/plenoptic_experiments/penalty_visual_diversity_2/model-LGC_img-einstein-blur1_lr-2e-02_loss-l2_norm-mse_penalty-dists_lambda-1e-02_cpu_seed-0_two-stage_iter-6000.png,6000
0,einstein-blur1,0.001,0.03,mse,0.8511953856301435,0.0004324360540111,5.487727022067906e-06,/mnt/ceph/users/wbroderick/plenoptic_experiments/penalty_visual_diversity_2/model-LGC_img-einstein-blur1_lr-3e-02_loss-mse_penalty-dists_lambda-1e-03_cpu_seed-0_two-stage_iter-6000.png,6000
0,einstein,0.01,0.005,mse,0.8246421572960625,0.0043887395905101,4.7832107459170425e-06,/mnt/ceph/users/wbroderick/plenoptic_experiments/penalty_visual_diversity_2/model-LGC_img-einstein_lr-5e-03_loss-mse_penalty-dists_lambda-1e-02_cpu_seed-0_two-stage_iter-1000.png,1000
0,einstein,0.1,0.05,l2_norm,0.7142809580300091,0.0718488781970186,3.729742185233463e-09,/mnt/ceph/users/wbroderick/plenoptic_experiments/penalty_visual_diversity_2/model-LGC_img-einstein_lr-5e-02_loss-l2_norm_penalty-dists_lambda-1e-01_cpu_seed-0_two-stage_iter-1000.png,1000
0,einstein,1e-07,0.01,l2_norm-mse,0.2709444840100505,7.674579414525053e-08,4.768538696067004e-10,/mnt/ceph/users/wbroderick/plenoptic_experiments/penalty_visual_diversity_2/model-LGC_img-einstein_lr-1e-02_loss-l2_norm-mse_penalty-dists_lambda-1e-07_cpu_seed-0_two-stage_iter-1000.png,1000
0,einstein-blur1,1e-05,0.01,mse,0.7165877834178556,4.90788943401288e-06,2.371666551021944e-08,/mnt/ceph/users/wbroderick/plenoptic_experiments/penalty_visual_diversity_2/model-LGC_img-einstein-blur1_lr-1e-02_loss-mse_penalty-dists_lambda-1e-05_cpu_seed-0_two-stage_iter-6000.png,6000
0,einstein,0.001,0.05,mse,0.7053493908692806,0.0005298678242355,1.255482226972561e-05,/mnt/ceph/users/wbroderick/plenoptic_experiments/penalty_visual_diversity_2/model-LGC_img-einstein_lr-5e-02_loss-mse_penalty-dists_lambda-1e-03_cpu_seed-0_two-stage_iter-1000.png,1000
0,einstein,0.0001,0.008,mse,0.7889413565830465,4.594330424886517e-05,5.104539623537004e-07,/mnt/ceph/users/wbroderick/plenoptic_experiments/penalty_visual_diversity_2/model-LGC_img-einstein_lr-8e-03_loss-mse_penalty-dists_lambda-1e-04_cpu_seed-0_two-stage_iter-1000.png,1000
0,einstein,0.1,0.005,l2_norm,0.6067442971624355,0.0593512974436219,1.7849823907189174e-10,/mnt/ceph/users/wbroderick/plenoptic_experiments/penalty_visual_diversity_2/model-LGC_img-einstein_lr-5e-03_loss-l2_norm_penalty-dists_lambda-1e-01_cpu_seed-0_two-stage_iter-1000.png,1000
0,einstein,10.0,0.03,l2_norm,0.7730276182053408,4.798450657411321,1.9055238876897362e-07,/mnt/ceph/users/wbroderick/plenoptic_experiments/penalty_visual_diversity_2/model-LGC_img-einstein_lr-3e-02_loss-l2_norm_penalty-dists_lambda-1e+01_cpu_seed-0_two-stage_iter-1000.png,1000
0,einstein,0.1,0.03,l2_norm,0.6825615438698178,0.0630226261483711,1.1785332759682892e-09,/mnt/ceph/users/wbroderick/plenoptic_experiments/penalty_visual_diversity_2/model-LGC_img-einstein_lr-3e-02_loss-l2_norm_penalty-dists_lambda-1e-01_cpu_seed-0_two-stage_iter-1000.png,1000
0,einstein-blur1,0.0001,0.008,mse,0.7320473739108768,4.841740783249272e-05,3.239187364628885e-07,/mnt/ceph/users/wbroderick/plenoptic_experiments/penalty_visual_diversity_2/model-LGC_img-einstein-blur1_lr-8e-03_loss-mse_penalty-dists_lambda-1e-04_cpu_seed-0_two-stage_iter-1000.png,1000
0,einstein-blur1,1000.0,0.005,l2_norm,0.8168046418132762,442.4526483020088,1.0972545554720066e-05,/mnt/ceph/users/wbroderick/plenoptic_experiments/penalty_visual_diversity_2/model-LGC_img-einstein-blur1_lr-5e-03_loss-l2_norm_penalty-dists_lambda-1e+03_cpu_seed-0_two-stage_iter-6000.png,6000
0,einstein,0.01,0.01,l2_norm-mse,0.8337839773484139,0.0043510538088419,6.637870425338804e-06,/mnt/ceph/users/wbroderick/plenoptic_experiments/penalty_visual_diversity_2/model-LGC_img-einstein_lr-1e-02_loss-l2_norm-mse_penalty-dists_lambda-1e-02_cpu_seed-0_two-stage_iter-1000.png,1000
0,einstein-blur1,1e-06,0.1,mse,0.782071021768022,4.600336272868203e-07,2.574305747097647e-09,/mnt/ceph/users/wbroderick/plenoptic_experiments/penalty_visual_diversity_2/model-LGC_img-einstein-blur1_lr-1e-01_loss-mse_penalty-dists_lambda-1e-06_cpu_seed-0_two-stage_iter-6000.png,6000
0,einstein,1.0,0.1,l2_norm,0.7615267939858599,0.6055629525365289,9.90637704923326e-08,/mnt/ceph/users/wbroderick/plenoptic_experiments/penalty_visual_diversity_2/model-LGC_img-einstein_lr-1e-01_loss-l2_norm_penalty-dists_lambda-1e+00_cpu_seed-0_two-stage_iter-1000.png,1000
0,einstein-blur1,0.01,0.01,mse,0.8253066400897358,0.0043915147272536,9.504284741570563e-06,/mnt/ceph/users/wbroderick/plenoptic_experiments/penalty_visual_diversity_2/model-LGC_img-einstein-blur1_lr-1e-02_loss-mse_penalty-dists_lambda-1e-02_cpu_seed-0_two-stage_iter-6000.png,6000
0,einstein-blur1,0.001,0.02,mse,0.8865130803937256,0.0004167963343262,4.623882729280304e-06,/mnt/ceph/users/wbroderick/plenoptic_experiments/penalty_visual_diversity_2/model-LGC_img-einstein-blur1_lr-2e-02_loss-mse_penalty-dists_lambda-1e-03_cpu_seed-0_two-stage_iter-6000.png,6000
0,einstein-blur1,0.001,0.008,l2_norm-mse,0.7828986965099083,0.0004597801070927,2.6899594478558976e-06,/mnt/ceph/users/wbroderick/plenoptic_experiments/penalty_visual_diversity_2/model-LGC_img-einstein-blur1_lr-8e-03_loss-l2_norm-mse_penalty-dists_lambda-1e-03_cpu_seed-0_two-stage_iter-1000.png,1000
0,einstein-blur1,1000.0,0.02,l2_norm,0.8594933020344397,424.0893406200376,1.2602914366778443e-05,/mnt/ceph/users/wbroderick/plenoptic_experiments/penalty_visual_diversity_2/model-LGC_img-einstein-blur1_lr-2e-02_loss-l2_norm_penalty-dists_lambda-1e+03_cpu_seed-0_two-stage_iter-6000.png,6000
0,einstein-blur1,1.0,0.02,l2_norm,0.7632779339100095,0.4742382899134437,1.957016575068458e-09,/mnt/ceph/users/wbroderick/plenoptic_experiments/penalty_visual_diversity_2/model-LGC_img-einstein-blur1_lr-2e-02_loss-l2_norm_penalty-dists_lambda-1e+00_cpu_seed-0_two-stage_iter-1000.png,1000
0,einstein-blur1,100.0,0.05,l2_norm,0.8497472185384969,43.25702724124561,7.494094397797557e-06,/mnt/ceph/users/wbroderick/plenoptic_experiments/penalty_visual_diversity_2/model-LGC_img-einstein-blur1_lr-5e-02_loss-l2_norm_penalty-dists_lambda-1e+02_cpu_seed-0_two-stage_iter-1000.png,1000
0,einstein,0.0001,0.01,l2_norm-mse,0.7537213984357835,4.7353282577797145e-05,2.9139435679895625e-07,/mnt/ceph/users/wbroderick/plenoptic_experiments/penalty_visual_diversity_2/model-LGC_img-einstein_lr-1e-02_loss-l2_norm-mse_penalty-dists_lambda-1e-04_cpu_seed-0_two-stage_iter-1000.png,1000
0,einstein-blur1,1e-06,0.005,mse,0.5642929838314188,5.814787175023273e-07,1.2715204276569862e-08,/mnt/ceph/users/wbroderick/plenoptic_experiments/penalty_visual_diversity_2/model-LGC_img-einstein-blur1_lr-5e-03_loss-mse_penalty-dists_lambda-1e-06_cpu_seed-0_two-stage_iter-6000.png,6000
0,einstein-blur1,1e-07,0.005,l2_norm-mse,0.4196825167389999,6.587343303440266e-08,1.4722134544029155e-10,/mnt/ceph/users/wbroderick/plenoptic_experiments/penalty_visual_diversity_2/model-LGC_img-einstein-blur1_lr-5e-03_loss-l2_norm-mse_penalty-dists_lambda-1e-07_cpu_seed-0_two-stage_iter-6000.png,6000
0,einstein,1.0,0.05,l2_norm,0.6926265471247055,0.7770080755716501,4.297519191587458e-07,/mnt/ceph/users/wbroderick/plenoptic_experiments/penalty_visual_diversity_2/model-LGC_img-einstein_lr-5e-02_loss-l2_norm_penalty-dists_lambda-1e+00_cpu_seed-0_two-stage_iter-1000.png,1000
0,einstein-blur1,1e-07,0.02,mse,0.5680354525019382,6.14411211974108e-08,4.7769530051285e-09,/mnt/ceph/users/wbroderick/plenoptic_experiments/penalty_visual_diversity_2/model-LGC_img-einstein-blur1_lr-2e-02_loss-mse_penalty-dists_lambda-1e-07_cpu_seed-0_two-stage_iter-6000.png,6000
0,einstein-blur1,1000.0,0.008,l2_norm,0.7907743146640988,453.9871836342424,7.042169727779877e-06,/mnt/ceph/users/wbroderick/plenoptic_experiments/penalty_visual_diversity_2/model-LGC_img-einstein-blur1_lr-8e-03_loss-l2_norm_penalty-dists_lambda-1e+03_cpu_seed-0_two-stage_iter-1000.png,1000
0,einstein-blur1,100.0,0.1,l2_norm,0.8721945439376726,44.14253134923684,9.804204820581371e-06,/mnt/ceph/users/wbroderick/plenoptic_experiments/penalty_visual_diversity_2/model-LGC_img-einstein-blur1_lr-1e-01_loss-l2_norm_penalty-dists_lambda-1e+02_cpu_seed-0_two-stage_iter-6000.png,6000
0,einstein,0.0001,0.03,mse,0.8103910773138123,4.487240806533744e-05,4.0311768654461306e-07,/mnt/ceph/users/wbroderick/plenoptic_experiments/penalty_visual_diversity_2/model-LGC_img-einstein_lr-3e-02_loss-mse_penalty-dists_lambda-1e-04_cpu_seed-0_two-stage_iter-1000.png,1000
0,einstein-blur1,0.1,0.02,l2_norm,0.6817764300283816,0.0548660614610631,5.617821909215723e-10,/mnt/ceph/users/wbroderick/plenoptic_experiments/penalty_visual_diversity_2/model-LGC_img-einstein-blur1_lr-2e-02_loss-l2_norm_penalty-dists_lambda-1e-01_cpu_seed-0_two-stage_iter-1000.png,1000
0,einstein-blur1,10.0,0.05,l2_norm,0.7723267174962574,5.055771844184426,2.537055139138091e-06,/mnt/ceph/users/wbroderick/plenoptic_experiments/penalty_visual_diversity_2/model-LGC_img-einstein-blur1_lr-5e-02_loss-l2_norm_penalty-dists_lambda-1e+01_cpu_seed-0_two-stage_iter-1000.png,1000
0,einstein-blur1,0.01,0.005,l2_norm-mse,0.7775070034549172,0.0046007464285468,5.150438289810914e-06,/mnt/ceph/users/wbroderick/plenoptic_experiments/penalty_visual_diversity_2/model-LGC_img-einstein-blur1_lr-5e-03_loss-l2_norm-mse_penalty-dists_lambda-1e-02_cpu_seed-0_two-stage_iter-1000.png,1000
0,einstein-blur1,1e-05,0.005,l2_norm-mse,0.6374179050352107,5.303071270777431e-06,1.6488719915937462e-08,/mnt/ceph/users/wbroderick/plenoptic_experiments/penalty_visual_diversity_2/model-LGC_img-einstein-blur1_lr-5e-03_loss-l2_norm-mse_penalty-dists_lambda-1e-05_cpu_seed-0_two-stage_iter-1000.png,1000
0,einstein-blur1,1.0,0.02,l2_norm,0.817881129045157,0.4508610422509657,2.683558130840469e-09,/mnt/ceph/users/wbroderick/plenoptic_experiments/penalty_visual_diversity_2/model-LGC_img-einstein-blur1_lr-2e-02_loss-l2_norm_penalty-dists_lambda-1e+00_cpu_seed-0_two-stage_iter-6000.png,6000
0,einstein-blur1,1e-07,0.005,l2_norm-mse,0.3289225154635654,7.232726154147058e-08,3.533440519855629e-10,/mnt/ceph/users/wbroderick/plenoptic_experiments/penalty_visual_diversity_2/model-LGC_img-einstein-blur1_lr-5e-03_loss-l2_norm-mse_penalty-dists_lambda-1e-07_cpu_seed-0_two-stage_iter-1000.png,1000
0,einstein,0.01,0.008,l2_norm-mse,0.8240039397111483,0.004392993490375,6.150865299456484e-06,/mnt/ceph/users/wbroderick/plenoptic_experiments/penalty_visual_diversity_2/model-LGC_img-einstein_lr-8e-03_loss-l2_norm-mse_penalty-dists_lambda-1e-02_cpu_seed-0_two-stage_iter-1000.png,1000
0,einstein,100.0,0.02,l2_norm,0.8255051196571763,44.46342051759968,3.1364639162882554e-06,/mnt/ceph/users/wbroderick/plenoptic_experiments/penalty_visual_diversity_2/model-LGC_img-einstein_lr-2e-02_loss-l2_norm_penalty-dists_lambda-1e+02_cpu_seed-0_two-stage_iter-1000.png,1000
0,einstein-blur1,0.01,0.05,l2_norm-mse,0.8008379088173753,0.0046211972908525,9.960822597771908e-06,/mnt/ceph/users/wbroderick/plenoptic_experiments/penalty_visual_diversity_2/model-LGC_img-einstein-blur1_lr-5e-02_loss-l2_norm-mse_penalty-dists_lambda-1e-02_cpu_seed-0_two-stage_iter-1000.png,1000
0,einstein-blur1,1e-05,0.02,l2_norm-mse,0.715980366651072,4.903448920873191e-06,1.6275265013895606e-08,/mnt/ceph/users/wbroderick/plenoptic_experiments/penalty_visual_diversity_2/model-LGC_img-einstein-blur1_lr-2e-02_loss-l2_norm-mse_penalty-dists_lambda-1e-05_cpu_seed-0_two-stage_iter-1000.png,1000
0,einstein,1e-05,0.01,mse,0.7039567202129369,5.164877413474096e-06,2.186290931417815e-07,/mnt/ceph/users/wbroderick/plenoptic_experiments/penalty_visual_diversity_2/model-LGC_img-einstein_lr-1e-02_loss-mse_penalty-dists_lambda-1e-05_cpu_seed-0_two-stage_iter-1000.png,1000
0,einstein-blur1,1e-05,0.008,l2_norm-mse,0.644359539026361,5.265930915953384e-06,1.5923356456819073e-08,/mnt/ceph/users/wbroderick/plenoptic_experiments/penalty_visual_diversity_2/model-LGC_img-einstein-blur1_lr-8e-03_loss-l2_norm-mse_penalty-dists_lambda-1e-05_cpu_seed-0_two-stage_iter-1000.png,1000
0,einstein-blur1,10.0,0.1,l2_norm,0.8244030934489027,4.70732995930258,1.3192941863776912e-06,/mnt/ceph/users/wbroderick/plenoptic_experiments/penalty_visual_diversity_2/model-LGC_img-einstein-blur1_lr-1e-01_loss-l2_norm_penalty-dists_lambda-1e+01_cpu_seed-0_two-stage_iter-1000.png,1000
0,einstein-blur1,0.01,0.02,mse,0.8923040957117037,0.0041088259460013,1.1195977309816588e-05,/mnt/ceph/users/wbroderick/plenoptic_experiments/penalty_visual_diversity_2/model-LGC_img-einstein-blur1_lr-2e-02_loss-mse_penalty-dists_lambda-1e-02_cpu_seed-0_two-stage_iter-6000.png,6000
0,einstein-blur1,1000.0,0.05,l2_norm,0.8123524562432397,445.9813093262369,1.0885533360482616e-05,/mnt/ceph/users/wbroderick/plenoptic_experiments/penalty_visual_diversity_2/model-LGC_img-einstein-blur1_lr-5e-02_loss-l2_norm_penalty-dists_lambda-1e+03_cpu_seed-0_two-stage_iter-1000.png,1000
0,einstein-blur1,100.0,0.03,l2_norm,0.8539897098807592,43.06169621157818,6.701007361964692e-06,/mnt/ceph/users/wbroderick/plenoptic_experiments/penalty_visual_diversity_2/model-LGC_img-einstein-blur1_lr-3e-02_loss-l2_norm_penalty-dists_lambda-1e+02_cpu_seed-0_two-stage_iter-1000.png,1000
0,einstein-blur1,1e-07,0.1,l2_norm-mse,0.5651346484785631,5.7653378601442026e-08,8.246798430151917e-10,/mnt/ceph/users/wbroderick/plenoptic_experiments/penalty_visual_diversity_2/model-LGC_img-einstein-blur1_lr-1e-01_loss-l2_norm-mse_penalty-dists_lambda-1e-07_cpu_seed-0_two-stage_iter-1000.png,1000
0,einstein-blur1,100.0,0.1,l2_norm,0.8515990428532825,43.27485210493742,1.0000577266306282e-05,/mnt/ceph/users/wbroderick/plenoptic_experiments/penalty_visual_diversity_2/model-LGC_img-einstein-blur1_lr-1e-01_loss-l2_norm_penalty-dists_lambda-1e+02_cpu_seed-0_two-stage_iter-1000.png,1000
0,einstein-blur1,1e-06,0.03,l2_norm-mse,0.7217682420689046,4.872187098957925e-07,1.324502363860839e-09,/mnt/ceph/users/wbroderick/plenoptic_experiments/penalty_visual_diversity_2/model-LGC_img-einstein-blur1_lr-3e-02_loss-l2_norm-mse_penalty-dists_lambda-1e-06_cpu_seed-0_two-stage_iter-6000.png,6000
0,einstein-blur1,1000.0,0.1,l2_norm,0.8808967794156006,449.8548172667596,1.495798256177732e-05,/mnt/ceph/users/wbroderick/plenoptic_experiments/penalty_visual_diversity_2/model-LGC_img-einstein-blur1_lr-1e-01_loss-l2_norm_penalty-dists_lambda-1e+03_cpu_seed-0_two-stage_iter-6000.png,6000
0,einstein,10.0,0.008,l2_norm,0.7877532924393953,4.597534723003742,1.8045236271123927e-08,/mnt/ceph/users/wbroderick/plenoptic_experiments/penalty_visual_diversity_2/model-LGC_img-einstein_lr-8e-03_loss-l2_norm_penalty-dists_lambda-1e+01_cpu_seed-0_two-stage_iter-1000.png,1000
0,einstein-blur1,1e-05,0.008,mse,0.7069517585118172,4.956681667341822e-06,2.520799112855365e-08,/mnt/ceph/users/wbroderick/plenoptic_experiments/penalty_visual_diversity_2/model-LGC_img-einstein-blur1_lr-8e-03_loss-mse_penalty-dists_lambda-1e-05_cpu_seed-0_two-stage_iter-6000.png,6000
0,einstein-blur1,0.1,0.01,l2_norm,0.6327863771268126,0.055616015019153,1.912630874399168e-10,/mnt/ceph/users/wbroderick/plenoptic_experiments/penalty_visual_diversity_2/model-LGC_img-einstein-blur1_lr-1e-02_loss-l2_norm_penalty-dists_lambda-1e-01_cpu_seed-0_two-stage_iter-1000.png,1000
0,einstein-blur1,10000.0,0.01,l2_norm,0.808956631830638,4453.936915291221,8.869013624596056e-06,/mnt/ceph/users/wbroderick/plenoptic_experiments/penalty_visual_diversity_2/model-LGC_img-einstein-blur1_lr-1e-02_loss-l2_norm_penalty-dists_lambda-1e+04_cpu_seed-0_two-stage_iter-1000.png,1000
0,einstein-blur1,100.0,0.02,l2_norm,0.8331923478423001,43.9209368701238,6.189270906570918e-06,/mnt/ceph/users/wbroderick/plenoptic_experiments/penalty_visual_diversity_2/model-LGC_img-einstein-blur1_lr-2e-02_loss-l2_norm_penalty-dists_lambda-1e+02_cpu_seed-0_two-stage_iter-1000.png,1000
0,einstein-blur1,100.0,0.05,l2_norm,0.6799644296155598,58.810252920180304,1.0874384399104776e-05,/mnt/ceph/users/wbroderick/plenoptic_experiments/penalty_visual_diversity_2/model-LGC_img-einstein-blur1_lr-5e-02_loss-l2_norm_penalty-dists_lambda-1e+02_cpu_seed-0_two-stage_iter-6000.png,6000
0,einstein,1e-05,0.03,l2_norm-mse,0.6940580982386491,5.016494422567027e-06,2.1004065131707487e-08,/mnt/ceph/users/wbroderick/plenoptic_experiments/penalty_visual_diversity_2/model-LGC_img-einstein_lr-3e-02_loss-l2_norm-mse_penalty-dists_lambda-1e-05_cpu_seed-0_two-stage_iter-1000.png,1000
0,einstein-blur1,0.01,0.1,mse,0.83074859962904,0.0044300374714014,1.3942043145739158e-05,/mnt/ceph/users/wbroderick/plenoptic_experiments/penalty_visual_diversity_2/model-LGC_img-einstein-blur1_lr-1e-01_loss-mse_penalty-dists_lambda-1e-02_cpu_seed-0_two-stage_iter-6000.png,6000
0,einstein,0.001,0.05,l2_norm-mse,0.7828053092175714,0.0004702049174913,6.470365864058656e-06,/mnt/ceph/users/wbroderick/plenoptic_experiments/penalty_visual_diversity_2/model-LGC_img-einstein_lr-5e-02_loss-l2_norm-mse_penalty-dists_lambda-1e-03_cpu_seed-0_two-stage_iter-1000.png,1000
0,einstein,1e-06,0.05,l2_norm-mse,0.6202241928803349,5.400509637268079e-07,2.226225924321305e-09,/mnt/ceph/users/wbroderick/plenoptic_experiments/penalty_visual_diversity_2/model-LGC_img-einstein_lr-5e-02_loss-l2_norm-mse_penalty-dists_lambda-1e-06_cpu_seed-0_two-stage_iter-1000.png,1000
0,einstein,100.0,0.03,l2_norm,0.8224977724199616,44.80014930342596,4.349576426976496e-06,/mnt/ceph/users/wbroderick/plenoptic_experiments/penalty_visual_diversity_2/model-LGC_img-einstein_lr-3e-02_loss-l2_norm_penalty-dists_lambda-1e+02_cpu_seed-0_two-stage_iter-1000.png,1000
0,einstein-blur1,0.001,0.03,mse,0.8057862337009055,0.0004508131320737,3.934426646516098e-06,/mnt/ceph/users/wbroderick/plenoptic_experiments/penalty_visual_diversity_2/model-LGC_img-einstein-blur1_lr-3e-02_loss-mse_penalty-dists_lambda-1e-03_cpu_seed-0_two-stage_iter-1000.png,1000
0,einstein-blur1,0.001,0.1,l2_norm-mse,0.8520979185466867,0.0004376712715758,5.862083815903028e-06,/mnt/ceph/users/wbroderick/plenoptic_experiments/penalty_visual_diversity_2/model-LGC_img-einstein-blur1_lr-1e-01_loss-l2_norm-mse_penalty-dists_lambda-1e-03_cpu_seed-0_two-stage_iter-1000.png,1000
0,einstein-blur1,0.001,0.008,l2_norm-mse,0.8573887492445909,0.0004272073925715,2.919605365561842e-06,/mnt/ceph/users/wbroderick/plenoptic_experiments/penalty_visual_diversity_2/model-LGC_img-einstein-blur1_lr-8e-03_loss-l2_norm-mse_penalty-dists_lambda-1e-03_cpu_seed-0_two-stage_iter-6000.png,6000
0,einstein-blur1,1e-06,0.008,l2_norm-mse,0.6132321217662904,5.429519856927519e-07,1.3526936910824282e-09,/mnt/ceph/users/wbroderick/plenoptic_experiments/penalty_visual_diversity_2/model-LGC_img-einstein-blur1_lr-8e-03_loss-l2_norm-mse_penalty-dists_lambda-1e-06_cpu_seed-0_two-stage_iter-6000.png,6000
0,einstein-blur1,1e-05,0.01,l2_norm-mse,0.7505453561910926,4.738440842306949e-06,1.7326791858134042e-08,/mnt/ceph/users/wbroderick/plenoptic_experiments/penalty_visual_diversity_2/model-LGC_img-einstein-blur1_lr-1e-02_loss-l2_norm-mse_penalty-dists_lambda-1e-05_cpu_seed-0_two-stage_iter-6000.png,6000
0,einstein-blur1,1e-07,0.03,l2_norm-mse,0.4524392074732304,6.387236683768658e-08,2.6421572638370357e-10,/mnt/ceph/users/wbroderick/plenoptic_experiments/penalty_visual_diversity_2/model-LGC_img-einstein-blur1_lr-3e-02_loss-l2_norm-mse_penalty-dists_lambda-1e-07_cpu_seed-0_two-stage_iter-1000.png,1000
0,einstein-blur1,1e-06,0.1,l2_norm-mse,0.7063391155214462,4.953498803228815e-07,1.898773336019735e-09,/mnt/ceph/users/wbroderick/plenoptic_experiments/penalty_visual_diversity_2/model-LGC_img-einstein-blur1_lr-1e-01_loss-l2_norm-mse_penalty-dists_lambda-1e-06_cpu_seed-0_two-stage_iter-6000.png,6000
0,einstein-blur1,10000.0,0.1,l2_norm,0.8767516045794898,4468.201490284747,1.5354267361922815e-05,/mnt/ceph/users/wbroderick/plenoptic_experiments/penalty_visual_diversity_2/model-LGC_img-einstein-blur1_lr-1e-01_loss-l2_norm_penalty-dists_lambda-1e+04_cpu_seed-0_two-stage_iter-6000.png,6000
0,einstein-blur1,1e-06,0.01,mse,0.5964611059350231,5.583986079715793e-07,7.640559637947555e-09,/mnt/ceph/users/wbroderick/plenoptic_experiments/penalty_visual_diversity_2/model-LGC_img-einstein-blur1_lr-1e-02_loss-mse_penalty-dists_lambda-1e-06_cpu_seed-0_two-stage_iter-6000.png,6000
0,einstein,1e-07,0.01,mse,0.3749800451971962,2.507804806314177e-07,1.8203149460732709e-07,/mnt/ceph/users/wbroderick/plenoptic_experiments/penalty_visual_diversity_2/model-LGC_img-einstein_lr-1e-02_loss-mse_penalty-dists_lambda-1e-07_cpu_seed-0_two-stage_iter-1000.png,1000
0,einstein-blur1,0.001,0.01,mse,0.8187382004916537,0.0004445926088566,3.5774605281097564e-06,/mnt/ceph/users/wbroderick/plenoptic_experiments/penalty_visual_diversity_2/model-LGC_img-einstein-blur1_lr-1e-02_loss-mse_penalty-dists_lambda-1e-03_cpu_seed-0_two-stage_iter-6000.png,6000
0,einstein,0.001,0.005,l2_norm-mse,0.7788249291986176,0.0004610628320586,2.113178856122646e-06,/mnt/ceph/users/wbroderick/plenoptic_experiments/penalty_visual_diversity_2/model-LGC_img-einstein_lr-5e-03_loss-l2_norm-mse_penalty-dists_lambda-1e-03_cpu_seed-0_two-stage_iter-1000.png,1000
0,einstein,1e-06,0.1,l2_norm-mse,0.6770803466785444,5.20681390979005e-07,1.2581918852103937e-08,/mnt/ceph/users/wbroderick/plenoptic_experiments/penalty_visual_diversity_2/model-LGC_img-einstein_lr-1e-01_loss-l2_norm-mse_penalty-dists_lambda-1e-06_cpu_seed-0_two-stage_iter-1000.png,1000
0,einstein-blur1,1e-06,0.02,mse,0.7023848936563436,5.019559829042627e-07,6.552431312195554e-09,/mnt/ceph/users/wbroderick/plenoptic_experiments/penalty_visual_diversity_2/model-LGC_img-einstein-blur1_lr-2e-02_loss-mse_penalty-dists_lambda-1e-06_cpu_seed-0_two-stage_iter-6000.png,6000
0,einstein,1e-06,0.005,l2_norm-mse,0.394904212719629,6.766898951356971e-07,2.9402953335805493e-09,/mnt/ceph/users/wbroderick/plenoptic_experiments/penalty_visual_diversity_2/model-LGC_img-einstein_lr-5e-03_loss-l2_norm-mse_penalty-dists_lambda-1e-06_cpu_seed-0_two-stage_iter-1000.png,1000
0,einstein-blur1,1.0,0.05,l2_norm,0.7945558075483726,0.5211867686814863,1.2074308665394997e-07,/mnt/ceph/users/wbroderick/plenoptic_experiments/penalty_visual_diversity_2/model-LGC_img-einstein-blur1_lr-5e-02_loss-l2_norm_penalty-dists_lambda-1e+00_cpu_seed-0_two-stage_iter-6000.png,6000
0,einstein-blur1,10000.0,0.01,l2_norm,0.8475140546795238,4285.820089434464,1.3650830288787078e-05,/mnt/ceph/users/wbroderick/plenoptic_experiments/penalty_visual_diversity_2/model-LGC_img-einstein-blur1_lr-1e-02_loss-l2_norm_penalty-dists_lambda-1e+04_cpu_seed-0_two-stage_iter-6000.png,6000
0,einstein-blur1,0.01,0.03,mse,0.8502256755327308,0.0042892042049331,1.550677011907611e-05,/mnt/ceph/users/wbroderick/plenoptic_experiments/penalty_visual_diversity_2/model-LGC_img-einstein-blur1_lr-3e-02_loss-mse_penalty-dists_lambda-1e-02_cpu_seed-0_two-stage_iter-6000.png,6000
0,einstein-blur1,1e-07,0.03,mse,0.4512790303592109,7.695273064906798e-08,1.3270810936297778e-08,/mnt/ceph/users/wbroderick/plenoptic_experiments/penalty_visual_diversity_2/model-LGC_img-einstein-blur1_lr-3e-02_loss-mse_penalty-dists_lambda-1e-07_cpu_seed-0_two-stage_iter-1000.png,1000
0,einstein-blur1,0.001,0.01,mse,0.7858803360513147,0.0004586840105173,2.9507432922485062e-06,/mnt/ceph/users/wbroderick/plenoptic_experiments/penalty_visual_diversity_2/model-LGC_img-einstein-blur1_lr-1e-02_loss-mse_penalty-dists_lambda-1e-03_cpu_seed-0_two-stage_iter-1000.png,1000
0,einstein-blur1,0.01,0.03,l2_norm-mse,0.8882761341839683,0.0041247778380589,1.0559178103379774e-05,/mnt/ceph/users/wbroderick/plenoptic_experiments/penalty_visual_diversity_2/model-LGC_img-einstein-blur1_lr-3e-02_loss-l2_norm-mse_penalty-dists_lambda-1e-02_cpu_seed-0_two-stage_iter-6000.png,6000
0,einstein-blur1,10000.0,0.008,l2_norm,0.8417425846550064,4310.360842391279,1.3240587244036216e-05,/mnt/ceph/users/wbroderick/plenoptic_experiments/penalty_visual_diversity_2/model-LGC_img-einstein-blur1_lr-8e-03_loss-l2_norm_penalty-dists_lambda-1e+04_cpu_seed-0_two-stage_iter-6000.png,6000
0,einstein-blur1,1e-07,0.02,mse,0.4223795522673897,8.111713422401243e-08,1.5567815049689108e-08,/mnt/ceph/users/wbroderick/plenoptic_experiments/penalty_visual_diversity_2/model-LGC_img-einstein-blur1_lr-2e-02_loss-mse_penalty-dists_lambda-1e-07_cpu_seed-0_two-stage_iter-1000.png,1000
0,einstein-blur1,1e-07,0.03,l2_norm-mse,0.5993991761967317,5.5071455033030884e-08,1.5706024885045723e-10,/mnt/ceph/users/wbroderick/plenoptic_experiments/penalty_visual_diversity_2/model-LGC_img-einstein-blur1_lr-3e-02_loss-l2_norm-mse_penalty-dists_lambda-1e-07_cpu_seed-0_two-stage_iter-6000.png,6000
0,einstein,1.0,0.02,l2_norm,0.7609211475145686,0.4799679012612102,1.1904635506211621e-09,/mnt/ceph/users/wbroderick/plenoptic_experiments/penalty_visual_diversity_2/model-LGC_img-einstein_lr-2e-02_loss-l2_norm_penalty-dists_lambda-1e+00_cpu_seed-0_two-stage_iter-1000.png,1000
0,einstein-blur1,1e-06,0.1,l2_norm-mse,0.6912784200217763,5.031763008765219e-07,2.2381011169283876e-09,/mnt/ceph/users/wbroderick/plenoptic_experiments/penalty_visual_diversity_2/model-LGC_img-einstein-blur1_lr-1e-01_loss-l2_norm-mse_penalty-dists_lambda-1e-06_cpu_seed-0_two-stage_iter-1000.png,1000
0,einstein,0.0001,0.005,l2_norm-mse,0.6986220892653507,5.001046470200169e-05,2.82908354377508e-07,/mnt/ceph/users/wbroderick/plenoptic_experiments/penalty_visual_diversity_2/model-LGC_img-einstein_lr-5e-03_loss-l2_norm-mse_penalty-dists_lambda-1e-04_cpu_seed-0_two-stage_iter-1000.png,1000
0,einstein-blur1,1e-07,0.05,l2_norm-mse,0.5224724101957294,5.964878658980942e-08,3.4303283077251224e-10,/mnt/ceph/users/wbroderick/plenoptic_experiments/penalty_visual_diversity_2/model-LGC_img-einstein-blur1_lr-5e-02_loss-l2_norm-mse_penalty-dists_lambda-1e-07_cpu_seed-0_two-stage_iter-1000.png,1000
0,einstein-blur1,1e-07,0.01,mse,0.3675328016903558,9.688751196801133e-08,2.7639723238773048e-08,/mnt/ceph/users/wbroderick/plenoptic_experiments/penalty_visual_diversity_2/model-LGC_img-einstein-blur1_lr-1e-02_loss-mse_penalty-dists_lambda-1e-07_cpu_seed-0_two-stage_iter-1000.png,1000
0,einstein-blur1,1e-06,0.005,l2_norm-mse,0.5687184758665844,5.674331599589352e-07,1.181285053823021e-09,/mnt/ceph/users/wbroderick/plenoptic_experiments/penalty_visual_diversity_2/model-LGC_img-einstein-blur1_lr-5e-03_loss-l2_norm-mse_penalty-dists_lambda-1e-06_cpu_seed-0_two-stage_iter-6000.png,6000
0,einstein-blur1,0.001,0.008,mse,0.7743172864531565,0.0004636582839778,2.627373064337524e-06,/mnt/ceph/users/wbroderick/plenoptic_experiments/penalty_visual_diversity_2/model-LGC_img-einstein-blur1_lr-8e-03_loss-mse_penalty-dists_lambda-1e-03_cpu_seed-0_two-stage_iter-1000.png,1000
0,einstein,10.0,0.005,l2_norm,0.7675303265335061,4.686813502122668,1.5509321957726482e-08,/mnt/ceph/users/wbroderick/plenoptic_experiments/penalty_visual_diversity_2/model-LGC_img-einstein_lr-5e-03_loss-l2_norm_penalty-dists_lambda-1e+01_cpu_seed-0_two-stage_iter-1000.png,1000
0,einstein,1e-06,0.008,mse,0.5507084713680943,8.025541408675124e-07,2.2600060798989762e-07,/mnt/ceph/users/wbroderick/plenoptic_experiments/penalty_visual_diversity_2/model-LGC_img-einstein_lr-8e-03_loss-mse_penalty-dists_lambda-1e-06_cpu_seed-0_two-stage_iter-1000.png,1000
0,einstein-blur1,0.01,0.02,l2_norm-mse,0.8392408818157957,0.0043298186103361,9.089593688943348e-06,/mnt/ceph/users/wbroderick/plenoptic_experiments/penalty_visual_diversity_2/model-LGC_img-einstein-blur1_lr-2e-02_loss-l2_norm-mse_penalty-dists_lambda-1e-02_cpu_seed-0_two-stage_iter-1000.png,1000
0,einstein-blur1,0.0001,0.03,l2_norm-mse,0.8572859401520936,4.292833367163416e-05,4.722628711146531e-07,/mnt/ceph/users/wbroderick/plenoptic_experiments/penalty_visual_diversity_2/model-LGC_img-einstein-blur1_lr-3e-02_loss-l2_norm-mse_penalty-dists_lambda-1e-04_cpu_seed-0_two-stage_iter-6000.png,6000
0,einstein-blur1,1e-06,0.005,l2_norm-mse,0.5021243085078249,6.070845423844617e-07,1.8356937427683061e-09,/mnt/ceph/users/wbroderick/plenoptic_experiments/penalty_visual_diversity_2/model-LGC_img-einstein-blur1_lr-5e-03_loss-l2_norm-mse_penalty-dists_lambda-1e-06_cpu_seed-0_two-stage_iter-1000.png,1000
0,einstein-blur1,0.1,0.02,l2_norm,0.7570756538592465,0.0509700826895484,5.03944074125905e-10,/mnt/ceph/users/wbroderick/plenoptic_experiments/penalty_visual_diversity_2/model-LGC_img-einstein-blur1_lr-2e-02_loss-l2_norm_penalty-dists_lambda-1e-01_cpu_seed-0_two-stage_iter-6000.png,6000
0,einstein-blur1,0.01,0.008,l2_norm-mse,0.7998922883860365,0.0045006513389684,6.790493012942743e-06,/mnt/ceph/users/wbroderick/plenoptic_experiments/penalty_visual_diversity_2/model-LGC_img-einstein-blur1_lr-8e-03_loss-l2_norm-mse_penalty-dists_lambda-1e-02_cpu_seed-0_two-stage_iter-1000.png,1000
0,einstein-blur1,0.001,0.02,mse,0.8045581730262845,0.0004507731272518,3.4547742168549853e-06,/mnt/ceph/users/wbroderick/plenoptic_experiments/penalty_visual_diversity_2/model-LGC_img-einstein-blur1_lr-2e-02_loss-mse_penalty-dists_lambda-1e-03_cpu_seed-0_two-stage_iter-1000.png,1000
0,einstein,0.01,0.05,mse,0.6992640374939005,0.0052231286701775,1.5187673993068585e-05,/mnt/ceph/users/wbroderick/plenoptic_experiments/penalty_visual_diversity_2/model-LGC_img-einstein_lr-5e-02_loss-mse_penalty-dists_lambda-1e-02_cpu_seed-0_two-stage_iter-1000.png,1000
0,einstein-blur1,0.01,0.008,l2_norm-mse,0.8500456927541167,0.0042842053153565,1.0182832991250238e-05,/mnt/ceph/users/wbroderick/plenoptic_experiments/penalty_visual_diversity_2/model-LGC_img-einstein-blur1_lr-8e-03_loss-l2_norm-mse_penalty-dists_lambda-1e-02_cpu_seed-0_two-stage_iter-6000.png,6000
0,einstein,0.001,0.1,mse,0.8076656007683252,0.000479662192502,9.109891638949117e-06,/mnt/ceph/users/wbroderick/plenoptic_experiments/penalty_visual_diversity_2/model-LGC_img-einstein_lr-1e-01_loss-mse_penalty-dists_lambda-1e-03_cpu_seed-0_two-stage_iter-1000.png,1000
0,einstein-blur1,1e-07,0.05,mse,0.5681787487714465,5.8564440588242513e-08,1.908367787602185e-09,/mnt/ceph/users/wbroderick/plenoptic_experiments/penalty_visual_diversity_2/model-LGC_img-einstein-blur1_lr-5e-02_loss-mse_penalty-dists_lambda-1e-07_cpu_seed-0_two-stage_iter-6000.png,6000
0,einstein-blur1,1e-06,0.01,l2_norm-mse,0.6299832441812397,5.338894078957877e-07,1.2870479047594742e-09,/mnt/ceph/users/wbroderick/plenoptic_experiments/penalty_visual_diversity_2/model-LGC_img-einstein-blur1_lr-1e-02_loss-l2_norm-mse_penalty-dists_lambda-1e-06_cpu_seed-0_two-stage_iter-6000.png,6000
0,einstein-blur1,0.01,0.005,mse,0.749513991023474,0.0047309651188249,4.939604213820161e-06,/mnt/ceph/users/wbroderick/plenoptic_experiments/penalty_visual_diversity_2/model-LGC_img-einstein-blur1_lr-5e-03_loss-mse_penalty-dists_lambda-1e-02_cpu_seed-0_two-stage_iter-1000.png,1000
0,einstein-blur1,0.01,0.008,mse,0.8092526322295904,0.0044620151029364,9.994798868463717e-06,/mnt/ceph/users/wbroderick/plenoptic_experiments/penalty_visual_diversity_2/model-LGC_img-einstein-blur1_lr-8e-03_loss-mse_penalty-dists_lambda-1e-02_cpu_seed-0_two-stage_iter-6000.png,6000
0,einstein-blur1,1.0,0.1,l2_norm,0.7877644449672833,0.6248478971916075,2.380937868187291e-07,/mnt/ceph/users/wbroderick/plenoptic_experiments/penalty_visual_diversity_2/model-LGC_img-einstein-blur1_lr-1e-01_loss-l2_norm_penalty-dists_lambda-1e+00_cpu_seed-0_two-stage_iter-6000.png,6000
0,einstein-blur1,1e-06,0.008,mse,0.5869627045791,5.649756371608653e-07,8.960946000292815e-09,/mnt/ceph/users/wbroderick/plenoptic_experiments/penalty_visual_diversity_2/model-LGC_img-einstein-blur1_lr-8e-03_loss-mse_penalty-dists_lambda-1e-06_cpu_seed-0_two-stage_iter-6000.png,6000
0,einstein-blur1,0.1,0.03,l2_norm,0.7274662996481425,0.0544034467396749,1.128228036220041e-09,/mnt/ceph/users/wbroderick/plenoptic_experiments/penalty_visual_diversity_2/model-LGC_img-einstein-blur1_lr-3e-02_loss-l2_norm_penalty-dists_lambda-1e-01_cpu_seed-0_two-stage_iter-1000.png,1000
0,einstein-blur1,0.0001,0.1,l2_norm-mse,0.8195829215669994,4.536794216743145e-05,7.796112714075979e-07,/mnt/ceph/users/wbroderick/plenoptic_experiments/penalty_visual_diversity_2/model-LGC_img-einstein-blur1_lr-1e-01_loss-l2_norm-mse_penalty-dists_lambda-1e-04_cpu_seed-0_two-stage_iter-1000.png,1000
0,einstein,1.0,0.008,l2_norm,0.7560174355847479,0.4771144763481974,4.34613812872757e-10,/mnt/ceph/users/wbroderick/plenoptic_experiments/penalty_visual_diversity_2/model-LGC_img-einstein_lr-8e-03_loss-l2_norm_penalty-dists_lambda-1e+00_cpu_seed-0_two-stage_iter-1000.png,1000
0,einstein,1000.0,0.02,l2_norm,0.8385637841923046,433.453774805862,8.233837550784138e-06,/mnt/ceph/users/wbroderick/plenoptic_experiments/penalty_visual_diversity_2/model-LGC_img-einstein_lr-2e-02_loss-l2_norm_penalty-dists_lambda-1e+03_cpu_seed-0_two-stage_iter-1000.png,1000
0,einstein,0.01,0.03,l2_norm-mse,0.8203621693711574,0.0044253699579305,7.699693981011976e-06,/mnt/ceph/users/wbroderick/plenoptic_experiments/penalty_visual_diversity_2/model-LGC_img-einstein_lr-3e-02_loss-l2_norm-mse_penalty-dists_lambda-1e-02_cpu_seed-0_two-stage_iter-1000.png,1000
0,einstein-blur1,0.0001,0.05,mse,0.813857326689011,4.507114613422335e-05,7.429657189772867e-07,/mnt/ceph/users/wbroderick/plenoptic_experiments/penalty_visual_diversity_2/model-LGC_img-einstein-blur1_lr-5e-02_loss-mse_penalty-dists_lambda-1e-04_cpu_seed-0_two-stage_iter-1000.png,1000
0,einstein-blur1,100.0,0.01,l2_norm,0.8498334463850084,43.22663208815857,6.944120243307113e-06,/mnt/ceph/users/wbroderick/plenoptic_experiments/penalty_visual_diversity_2/model-LGC_img-einstein-blur1_lr-1e-02_loss-l2_norm_penalty-dists_lambda-1e+02_cpu_seed-0_two-stage_iter-6000.png,6000
0,einstein-blur1,1e-06,0.005,mse,0.4668438108553964,6.963315561339283e-07,6.93414659380101e-08,/mnt/ceph/users/wbroderick/plenoptic_experiments/penalty_visual_diversity_2/model-LGC_img-einstein-blur1_lr-5e-03_loss-mse_penalty-dists_lambda-1e-06_cpu_seed-0_two-stage_iter-1000.png,1000
0,einstein-blur1,1e-07,0.01,l2_norm-mse,0.3673157559332847,6.949003262487577e-08,2.2913642085542932e-10,/mnt/ceph/users/wbroderick/plenoptic_experiments/penalty_visual_diversity_2/model-LGC_img-einstein-blur1_lr-1e-02_loss-l2_norm-mse_penalty-dists_lambda-1e-07_cpu_seed-0_two-stage_iter-1000.png,1000
0,einstein,100.0,0.008,l2_norm,0.8181510748950112,44.659949206225335,2.138355925385516e-06,/mnt/ceph/users/wbroderick/plenoptic_experiments/penalty_visual_diversity_2/model-LGC_img-einstein_lr-8e-03_loss-l2_norm_penalty-dists_lambda-1e+02_cpu_seed-0_two-stage_iter-1000.png,1000
0,einstein,1e-06,0.01,mse,0.5719248450737671,7.516775324124498e-07,1.872353051025593e-07,/mnt/ceph/users/wbroderick/plenoptic_experiments/penalty_visual_diversity_2/model-LGC_img-einstein_lr-1e-02_loss-mse_penalty-dists_lambda-1e-06_cpu_seed-0_two-stage_iter-1000.png,1000
0,einstein,100.0,0.01,l2_norm,0.8268434770323093,44.31651457450461,2.479437844294389e-06,/mnt/ceph/users/wbroderick/plenoptic_experiments/penalty_visual_diversity_2/model-LGC_img-einstein_lr-1e-02_loss-l2_norm_penalty-dists_lambda-1e+02_cpu_seed-0_two-stage_iter-1000.png,1000
0,einstein,0.001,0.008,mse,0.8479633412030145,0.0004308688788478,2.5687629092738147e-06,/mnt/ceph/users/wbroderick/plenoptic_experiments/penalty_visual_diversity_2/model-LGC_img-einstein_lr-8e-03_loss-mse_penalty-dists_lambda-1e-03_cpu_seed-0_two-stage_iter-1000.png,1000
0,einstein,10000.0,0.008,l2_norm,0.8262195364487213,4378.311849135862,7.193792068281835e-06,/mnt/ceph/users/wbroderick/plenoptic_experiments/penalty_visual_diversity_2/model-LGC_img-einstein_lr-8e-03_loss-l2_norm_penalty-dists_lambda-1e+04_cpu_seed-0_two-stage_iter-1000.png,1000
0,einstein-blur1,0.0001,0.1,mse,0.7775492365215663,4.7200148759198016e-05,9.182513682387368e-07,/mnt/ceph/users/wbroderick/plenoptic_experiments/penalty_visual_diversity_2/model-LGC_img-einstein-blur1_lr-1e-01_loss-mse_penalty-dists_lambda-1e-04_cpu_seed-0_two-stage_iter-1000.png,1000
0,einstein,1000.0,0.1,l2_norm,0.8379908485890121,453.287196490952,1.2755548197358309e-05,/mnt/ceph/users/wbroderick/plenoptic_experiments/penalty_visual_diversity_2/model-LGC_img-einstein_lr-1e-01_loss-l2_norm_penalty-dists_lambda-1e+03_cpu_seed-0_two-stage_iter-1000.png,1000
0,einstein-blur1,0.001,0.008,mse,0.8102122265274334,0.0004478845245569,3.0934445932483257e-06,/mnt/ceph/users/wbroderick/plenoptic_experiments/penalty_visual_diversity_2/model-LGC_img-einstein-blur1_lr-8e-03_loss-mse_penalty-dists_lambda-1e-03_cpu_seed-0_two-stage_iter-6000.png,6000
0,einstein,0.01,0.1,l2_norm-mse,0.8336086062749111,0.0045377899403028,1.2710666414767744e-05,/mnt/ceph/users/wbroderick/plenoptic_experiments/penalty_visual_diversity_2/model-LGC_img-einstein_lr-1e-01_loss-l2_norm-mse_penalty-dists_lambda-1e-02_cpu_seed-0_two-stage_iter-1000.png,1000
0,einstein-blur1,0.01,0.01,l2_norm-mse,0.8132520553532965,0.0044414705588965,7.133912957191493e-06,/mnt/ceph/users/wbroderick/plenoptic_experiments/penalty_visual_diversity_2/model-LGC_img-einstein-blur1_lr-1e-02_loss-l2_norm-mse_penalty-dists_lambda-1e-02_cpu_seed-0_two-stage_iter-1000.png,1000
0,einstein-blur1,1e-05,0.03,mse,0.7818047875603069,4.608213686374119e-06,3.2346328055643754e-08,/mnt/ceph/users/wbroderick/plenoptic_experiments/penalty_visual_diversity_2/model-LGC_img-einstein-blur1_lr-3e-02_loss-mse_penalty-dists_lambda-1e-05_cpu_seed-0_two-stage_iter-6000.png,6000
0,einstein,1e-05,0.1,mse,0.8085093537015038,4.526817722836078e-06,7.155198990373658e-08,/mnt/ceph/users/wbroderick/plenoptic_experiments/penalty_visual_diversity_2/model-LGC_img-einstein_lr-1e-01_loss-mse_penalty-dists_lambda-1e-05_cpu_seed-0_two-stage_iter-1000.png,1000
0,einstein-blur1,100.0,0.02,l2_norm,0.8583430869389033,42.88730914261535,7.2768346724803904e-06,/mnt/ceph/users/wbroderick/plenoptic_experiments/penalty_visual_diversity_2/model-LGC_img-einstein-blur1_lr-2e-02_loss-l2_norm_penalty-dists_lambda-1e+02_cpu_seed-0_two-stage_iter-6000.png,6000
0,einstein-blur1,1e-06,0.05,mse,0.7572292125844637,4.7325172157072723e-07,4.286212814455472e-09,/mnt/ceph/users/wbroderick/plenoptic_experiments/penalty_visual_diversity_2/model-LGC_img-einstein-blur1_lr-5e-02_loss-mse_penalty-dists_lambda-1e-06_cpu_seed-0_two-stage_iter-6000.png,6000
0,einstein,1e-05,0.02,mse,0.7412182571655928,4.89632305145346e-06,1.309768986167753e-07,/mnt/ceph/users/wbroderick/plenoptic_experiments/penalty_visual_diversity_2/model-LGC_img-einstein_lr-2e-02_loss-mse_penalty-dists_lambda-1e-05_cpu_seed-0_two-stage_iter-1000.png,1000
0,einstein-blur1,0.0001,0.03,l2_norm-mse,0.8217558383474302,4.431879770046154e-05,3.467068222047001e-07,/mnt/ceph/users/wbroderick/plenoptic_experiments/penalty_visual_diversity_2/model-LGC_img-einstein-blur1_lr-3e-02_loss-l2_norm-mse_penalty-dists_lambda-1e-04_cpu_seed-0_two-stage_iter-1000.png,1000
0,einstein-blur1,100.0,0.01,l2_norm,0.8147845465854562,44.686860902947664,5.1683821627428265e-06,/mnt/ceph/users/wbroderick/plenoptic_experiments/penalty_visual_diversity_2/model-LGC_img-einstein-blur1_lr-1e-02_loss-l2_norm_penalty-dists_lambda-1e+02_cpu_seed-0_two-stage_iter-1000.png,1000
0,einstein-blur1,1000.0,0.01,l2_norm,0.8104265192220853,445.2090141692207,8.258808003811985e-06,/mnt/ceph/users/wbroderick/plenoptic_experiments/penalty_visual_diversity_2/model-LGC_img-einstein-blur1_lr-1e-02_loss-l2_norm_penalty-dists_lambda-1e+03_cpu_seed-0_two-stage_iter-1000.png,1000
0,einstein-blur1,100.0,0.005,l2_norm,0.7746574204187273,46.40382236220187,3.0660063813524954e-06,/mnt/ceph/users/wbroderick/plenoptic_experiments/penalty_visual_diversity_2/model-LGC_img-einstein-blur1_lr-5e-03_loss-l2_norm_penalty-dists_lambda-1e+02_cpu_seed-0_two-stage_iter-1000.png,1000
0,einstein-blur1,1e-05,0.03,l2_norm-mse,0.8239609282242825,4.40367821163548e-06,1.6723825760901282e-08,/mnt/ceph/users/wbroderick/plenoptic_experiments/penalty_visual_diversity_2/model-LGC_img-einstein-blur1_lr-3e-02_loss-l2_norm-mse_penalty-dists_lambda-1e-05_cpu_seed-0_two-stage_iter-6000.png,6000
0,einstein,1e-07,0.008,mse,0.3433376748596205,2.910300275679346e-07,2.200586346295248e-07,/mnt/ceph/users/wbroderick/plenoptic_experiments/penalty_visual_diversity_2/model-LGC_img-einstein_lr-8e-03_loss-mse_penalty-dists_lambda-1e-07_cpu_seed-0_two-stage_iter-1000.png,1000
0,einstein,1e-05,0.005,mse,0.6704620546482283,5.501637028216092e-06,3.8690540902202e-07,/mnt/ceph/users/wbroderick/plenoptic_experiments/penalty_visual_diversity_2/model-LGC_img-einstein_lr-5e-03_loss-mse_penalty-dists_lambda-1e-05_cpu_seed-0_two-stage_iter-1000.png,1000
0,einstein-blur1,10000.0,0.02,l2_norm,0.8438161505968006,4301.535279102697,1.0257461783083716e-05,/mnt/ceph/users/wbroderick/plenoptic_experiments/penalty_visual_diversity_2/model-LGC_img-einstein-blur1_lr-2e-02_loss-l2_norm_penalty-dists_lambda-1e+04_cpu_seed-0_two-stage_iter-1000.png,1000
0,einstein,1e-07,0.1,l2_norm-mse,0.5293494863469195,6.920892641092561e-08,1.0309749122980464e-08,/mnt/ceph/users/wbroderick/plenoptic_experiments/penalty_visual_diversity_2/model-LGC_img-einstein_lr-1e-01_loss-l2_norm-mse_penalty-dists_lambda-1e-07_cpu_seed-0_two-stage_iter-1000.png,1000
0,einstein-blur1,1.0,0.1,l2_norm,0.7688011234689451,0.5577450759215671,1.403152746327571e-07,/mnt/ceph/users/wbroderick/plenoptic_experiments/penalty_visual_diversity_2/model-LGC_img-einstein-blur1_lr-1e-01_loss-l2_norm_penalty-dists_lambda-1e+00_cpu_seed-0_two-stage_iter-1000.png,1000
0,einstein-blur1,0.0001,0.02,mse,0.7692189208121745,4.667424521477259e-05,3.344585414863984e-07,/mnt/ceph/users/wbroderick/plenoptic_experiments/penalty_visual_diversity_2/model-LGC_img-einstein-blur1_lr-2e-02_loss-mse_penalty-dists_lambda-1e-04_cpu_seed-0_two-stage_iter-1000.png,1000
0,einstein,1e-07,0.02,l2_norm-mse,0.3610029668863687,7.01717044614039e-08,4.725483562242814e-10,/mnt/ceph/users/wbroderick/plenoptic_experiments/penalty_visual_diversity_2/model-LGC_img-einstein_lr-2e-02_loss-l2_norm-mse_penalty-dists_lambda-1e-07_cpu_seed-0_two-stage_iter-1000.png,1000
0,einstein-blur1,0.1,0.005,l2_norm,0.6044955858363417,0.0564942832248116,1.0539165774372047e-10,/mnt/ceph/users/wbroderick/plenoptic_experiments/penalty_visual_diversity_2/model-LGC_img-einstein-blur1_lr-5e-03_loss-l2_norm_penalty-dists_lambda-1e-01_cpu_seed-0_two-stage_iter-1000.png,1000
0,einstein,1e-06,0.05,mse,0.6118507771677313,6.091674730988655e-07,6.681897356246379e-08,/mnt/ceph/users/wbroderick/plenoptic_experiments/penalty_visual_diversity_2/model-LGC_img-einstein_lr-5e-02_loss-mse_penalty-dists_lambda-1e-06_cpu_seed-0_two-stage_iter-1000.png,1000
0,einstein-blur1,0.001,0.03,l2_norm-mse,0.87390272446103,0.0004214213750718,4.069265382920207e-06,/mnt/ceph/users/wbroderick/plenoptic_experiments/penalty_visual_diversity_2/model-LGC_img-einstein-blur1_lr-3e-02_loss-l2_norm-mse_penalty-dists_lambda-1e-03_cpu_seed-0_two-stage_iter-6000.png,6000
0,einstein,10.0,0.1,l2_norm,0.8080186470801258,5.266197984004656,2.111226111966678e-06,/mnt/ceph/users/wbroderick/plenoptic_experiments/penalty_visual_diversity_2/model-LGC_img-einstein_lr-1e-01_loss-l2_norm_penalty-dists_lambda-1e+01_cpu_seed-0_two-stage_iter-1000.png,1000
0,einstein,1e-05,0.008,l2_norm-mse,0.5992760400147383,5.518486304064947e-06,2.6380227978187094e-08,/mnt/ceph/users/wbroderick/plenoptic_experiments/penalty_visual_diversity_2/model-LGC_img-einstein_lr-8e-03_loss-l2_norm-mse_penalty-dists_lambda-1e-05_cpu_seed-0_two-stage_iter-1000.png,1000
0,einstein-blur1,1e-07,0.1,mse,0.5876754590910915,6.508875475539948e-08,9.524628503925824e-09,/mnt/ceph/users/wbroderick/plenoptic_experiments/penalty_visual_diversity_2/model-LGC_img-einstein-blur1_lr-1e-01_loss-mse_penalty-dists_lambda-1e-07_cpu_seed-0_two-stage_iter-1000.png,1000
0,einstein-blur1,1.0,0.05,l2_norm,0.724633590036835,0.6196235597176717,4.667066571148016e-07,/mnt/ceph/users/wbroderick/plenoptic_experiments/penalty_visual_diversity_2/model-LGC_img-einstein-blur1_lr-5e-02_loss-l2_norm_penalty-dists_lambda-1e+00_cpu_seed-0_two-stage_iter-1000.png,1000
0,einstein-blur1,0.001,0.03,l2_norm-mse,0.8521037670608176,0.0004304399964945,3.833239419780819e-06,/mnt/ceph/users/wbroderick/plenoptic_experiments/penalty_visual_diversity_2/model-LGC_img-einstein-blur1_lr-3e-02_loss-l2_norm-mse_penalty-dists_lambda-1e-03_cpu_seed-0_two-stage_iter-1000.png,1000
0,einstein-blur1,10000.0,0.005,l2_norm,0.8177220838908805,4415.03064751839,1.1985912752899492e-05,/mnt/ceph/users/wbroderick/plenoptic_experiments/penalty_visual_diversity_2/model-LGC_img-einstein-blur1_lr-5e-03_loss-l2_norm_penalty-dists_lambda-1e+04_cpu_seed-0_two-stage_iter-6000.png,6000
0,einstein-blur1,1e-07,0.05,mse,0.4456262950528689,7.821057914492909e-08,1.41670128954697e-08,/mnt/ceph/users/wbroderick/plenoptic_experiments/penalty_visual_diversity_2/model-LGC_img-einstein-blur1_lr-5e-02_loss-mse_penalty-dists_lambda-1e-07_cpu_seed-0_two-stage_iter-1000.png,1000
0,einstein-blur1,0.0001,0.05,l2_norm-mse,0.8306870235537065,4.413916068177086e-05,5.464351331706081e-07,/mnt/ceph/users/wbroderick/plenoptic_experiments/penalty_visual_diversity_2/model-LGC_img-einstein-blur1_lr-5e-02_loss-l2_norm-mse_penalty-dists_lambda-1e-04_cpu_seed-0_two-stage_iter-1000.png,1000
0,einstein,0.1,0.02,l2_norm,0.6721159137274259,0.060073328592876,6.18605171275382e-10,/mnt/ceph/users/wbroderick/plenoptic_experiments/penalty_visual_diversity_2/model-LGC_img-einstein_lr-2e-02_loss-l2_norm_penalty-dists_lambda-1e-01_cpu_seed-0_two-stage_iter-1000.png,1000
0,einstein-blur1,1e-05,0.01,l2_norm-mse,0.6608886981373461,5.180814575148247e-06,1.6853265575719944e-08,/mnt/ceph/users/wbroderick/plenoptic_experiments/penalty_visual_diversity_2/model-LGC_img-einstein-blur1_lr-1e-02_loss-l2_norm-mse_penalty-dists_lambda-1e-05_cpu_seed-0_two-stage_iter-1000.png,1000
0,einstein-blur1,1e-07,0.1,l2_norm-mse,0.6008978925105893,5.5034850488769054e-08,2.0271803566574407e-10,/mnt/ceph/users/wbroderick/plenoptic_experiments/penalty_visual_diversity_2/model-LGC_img-einstein-blur1_lr-1e-01_loss-l2_norm-mse_penalty-dists_lambda-1e-07_cpu_seed-0_two-stage_iter-6000.png,6000
0,einstein,1e-07,0.005,l2_norm-mse,0.193489321648531,8.302907751220259e-08,6.178665369646847e-10,/mnt/ceph/users/wbroderick/plenoptic_experiments/penalty_visual_diversity_2/model-LGC_img-einstein_lr-5e-03_loss-l2_norm-mse_penalty-dists_lambda-1e-07_cpu_seed-0_two-stage_iter-1000.png,1000
0,einstein-blur1,0.0001,0.01,l2_norm-mse,0.7584776569862631,4.71245499934038e-05,2.858815826474572e-07,/mnt/ceph/users/wbroderick/plenoptic_experiments/penalty_visual_diversity_2/model-LGC_img-einstein-blur1_lr-1e-02_loss-l2_norm-mse_penalty-dists_lambda-1e-04_cpu_seed-0_two-stage_iter-1000.png,1000
0,einstein-blur1,10.0,0.005,l2_norm,0.748985902692867,4.764628231607004,3.9732697044632577e-08,/mnt/ceph/users/wbroderick/plenoptic_experiments/penalty_visual_diversity_2/model-LGC_img-einstein-blur1_lr-5e-03_loss-l2_norm_penalty-dists_lambda-1e+01_cpu_seed-0_two-stage_iter-1000.png,1000
0,einstein,1e-07,0.1,mse,0.5384469146209638,1.0178038019831552e-07,4.34125178088321e-08,/mnt/ceph/users/wbroderick/plenoptic_experiments/penalty_visual_diversity_2/model-LGC_img-einstein_lr-1e-01_loss-mse_penalty-dists_lambda-1e-07_cpu_seed-0_two-stage_iter-1000.png,1000
0,einstein,0.01,0.008,mse,0.8602720820942995,0.0042369461843583,6.325372015319771e-06,/mnt/ceph/users/wbroderick/plenoptic_experiments/penalty_visual_diversity_2/model-LGC_img-einstein_lr-8e-03_loss-mse_penalty-dists_lambda-1e-02_cpu_seed-0_two-stage_iter-1000.png,1000
0,einstein-blur1,0.0001,0.005,mse,0.6973192573725151,5.015906085232828e-05,3.666899506376645e-07,/mnt/ceph/users/wbroderick/plenoptic_experiments/penalty_visual_diversity_2/model-LGC_img-einstein-blur1_lr-5e-03_loss-mse_penalty-dists_lambda-1e-04_cpu_seed-0_two-stage_iter-1000.png,1000
0,einstein-blur1,1e-07,0.03,mse,0.5796839876670485,5.88275367403803e-08,2.8195989498850303e-09,/mnt/ceph/users/wbroderick/plenoptic_experiments/penalty_visual_diversity_2/model-LGC_img-einstein-blur1_lr-3e-02_loss-mse_penalty-dists_lambda-1e-07_cpu_seed-0_two-stage_iter-6000.png,6000
0,einstein,1e-06,0.02,mse,0.6207216981735704,6.439648079260653e-07,1.064067583908321e-07,/mnt/ceph/users/wbroderick/plenoptic_experiments/penalty_visual_diversity_2/model-LGC_img-einstein_lr-2e-02_loss-mse_penalty-dists_lambda-1e-06_cpu_seed-0_two-stage_iter-1000.png,1000
0,einstein-blur1,0.1,0.1,l2_norm,0.7737294759411586,0.0679193961112328,1.4317701719050789e-08,/mnt/ceph/users/wbroderick/plenoptic_experiments/penalty_visual_diversity_2/model-LGC_img-einstein-blur1_lr-1e-01_loss-l2_norm_penalty-dists_lambda-1e-01_cpu_seed-0_two-stage_iter-1000.png,1000
0,einstein-blur1,1e-07,0.005,mse,0.2911924237337533,1.3881864811165645e-07,6.403306458130718e-08,/mnt/ceph/users/wbroderick/plenoptic_experiments/penalty_visual_diversity_2/model-LGC_img-einstein-blur1_lr-5e-03_loss-mse_penalty-dists_lambda-1e-07_cpu_seed-0_two-stage_iter-1000.png,1000
0,einstein,1e-07,0.02,mse,0.4409581618565754,1.6623430970474958e-07,1.0188596314041748e-07,/mnt/ceph/users/wbroderick/plenoptic_experiments/penalty_visual_diversity_2/model-LGC_img-einstein_lr-2e-02_loss-mse_penalty-dists_lambda-1e-07_cpu_seed-0_two-stage_iter-1000.png,1000
0,einstein-blur1,0.001,0.05,mse,0.8312743774553001,0.0004414234673027,5.033352792663106e-06,/mnt/ceph/users/wbroderick/plenoptic_experiments/penalty_visual_diversity_2/model-LGC_img-einstein-blur1_lr-5e-02_loss-mse_penalty-dists_lambda-1e-03_cpu_seed-0_two-stage_iter-6000.png,6000
0,einstein-blur1,0.0001,0.03,mse,0.8029488569303215,4.518693311493293e-05,3.827912229594056e-07,/mnt/ceph/users/wbroderick/plenoptic_experiments/penalty_visual_diversity_2/model-LGC_img-einstein-blur1_lr-3e-02_loss-mse_penalty-dists_lambda-1e-04_cpu_seed-0_two-stage_iter-1000.png,1000
0,einstein-blur1,0.0001,0.008,l2_norm-mse,0.8079389934775896,4.483019131830374e-05,2.51272124992571e-07,/mnt/ceph/users/wbroderick/plenoptic_experiments/penalty_visual_diversity_2/model-LGC_img-einstein-blur1_lr-8e-03_loss-l2_norm-mse_penalty-dists_lambda-1e-04_cpu_seed-0_two-stage_iter-6000.png,6000
0,einstein-blur1,0.001,0.005,mse,0.8061841883162838,0.000449773163877,3.206680614165237e-06,/mnt/ceph/users/wbroderick/plenoptic_experiments/penalty_visual_diversity_2/model-LGC_img-einstein-blur1_lr-5e-03_loss-mse_penalty-dists_lambda-1e-03_cpu_seed-0_two-stage_iter-6000.png,6000
0,einstein-blur1,0.001,0.005,l2_norm-mse,0.7592438891537446,0.0004702770798556,2.2504763788400563e-06,/mnt/ceph/users/wbroderick/plenoptic_experiments/penalty_visual_diversity_2/model-LGC_img-einstein-blur1_lr-5e-03_loss-l2_norm-mse_penalty-dists_lambda-1e-03_cpu_seed-0_two-stage_iter-1000.png,1000
0,einstein-blur1,0.001,0.01,l2_norm-mse,0.7948443699234036,0.0004545814866937,2.9148890674613103e-06,/mnt/ceph/users/wbroderick/plenoptic_experiments/penalty_visual_diversity_2/model-LGC_img-einstein-blur1_lr-1e-02_loss-l2_norm-mse_penalty-dists_lambda-1e-03_cpu_seed-0_two-stage_iter-1000.png,1000
0,einstein,0.001,0.01,mse,0.8535236271866598,0.0004286883644966,2.7718394201648044e-06,/mnt/ceph/users/wbroderick/plenoptic_experiments/penalty_visual_diversity_2/model-LGC_img-einstein_lr-1e-02_loss-mse_penalty-dists_lambda-1e-03_cpu_seed-0_two-stage_iter-1000.png,1000
0,einstein-blur1,1e-06,0.03,mse,0.6804464498610363,5.118879321123961e-07,5.495524886303923e-09,/mnt/ceph/users/wbroderick/plenoptic_experiments/penalty_visual_diversity_2/model-LGC_img-einstein-blur1_lr-3e-02_loss-mse_penalty-dists_lambda-1e-06_cpu_seed-0_two-stage_iter-6000.png,6000
0,einstein,1.0,0.01,l2_norm,0.7514947895764307,0.4799471706120043,5.164307896336681e-10,/mnt/ceph/users/wbroderick/plenoptic_experiments/penalty_visual_diversity_2/model-LGC_img-einstein_lr-1e-02_loss-l2_norm_penalty-dists_lambda-1e+00_cpu_seed-0_two-stage_iter-1000.png,1000
0,einstein,0.0001,0.008,l2_norm-mse,0.7320391850038505,4.836672189767331e-05,2.732813513158496e-07,/mnt/ceph/users/wbroderick/plenoptic_experiments/penalty_visual_diversity_2/model-LGC_img-einstein_lr-8e-03_loss-l2_norm-mse_penalty-dists_lambda-1e-04_cpu_seed-0_two-stage_iter-1000.png,1000
0,einstein-blur1,10000.0,0.1,l2_norm,0.8587310961667147,4237.754799299297,1.2897905128108154e-05,/mnt/ceph/users/wbroderick/plenoptic_experiments/penalty_visual_diversity_2/model-LGC_img-einstein-blur1_lr-1e-01_loss-l2_norm_penalty-dists_lambda-1e+04_cpu_seed-0_two-stage_iter-1000.png,1000
0,einstein-blur1,1.0,0.03,l2_norm,0.8230333274464511,0.4497248175361369,3.112419571213377e-09,/mnt/ceph/users/wbroderick/plenoptic_experiments/penalty_visual_diversity_2/model-LGC_img-einstein-blur1_lr-3e-02_loss-l2_norm_penalty-dists_lambda-1e+00_cpu_seed-0_two-stage_iter-6000.png,6000
0,einstein-blur1,0.0001,0.01,mse,0.7560589765224388,4.726929173373901e-05,3.165220736058344e-07,/mnt/ceph/users/wbroderick/plenoptic_experiments/penalty_visual_diversity_2/model-LGC_img-einstein-blur1_lr-1e-02_loss-mse_penalty-dists_lambda-1e-04_cpu_seed-0_two-stage_iter-1000.png,1000
0,einstein-blur1,0.001,0.005,l2_norm-mse,0.7943692483351861,0.0004552581185343,3.3837736483223666e-06,/mnt/ceph/users/wbroderick/plenoptic_experiments/penalty_visual_diversity_2/model-LGC_img-einstein-blur1_lr-5e-03_loss-l2_norm-mse_penalty-dists_lambda-1e-03_cpu_seed-0_two-stage_iter-6000.png,6000
0,einstein-blur1,10.0,0.01,l2_norm,0.83917808640241,4.367454868856849,6.450775833479228e-08,/mnt/ceph/users/wbroderick/plenoptic_experiments/penalty_visual_diversity_2/model-LGC_img-einstein-blur1_lr-1e-02_loss-l2_norm_penalty-dists_lambda-1e+01_cpu_seed-0_two-stage_iter-6000.png,6000
0,einstein-blur1,1e-06,0.03,l2_norm-mse,0.6141473733178247,5.425794591047227e-07,1.4717820928346155e-09,/mnt/ceph/users/wbroderick/plenoptic_experiments/penalty_visual_diversity_2/model-LGC_img-einstein-blur1_lr-3e-02_loss-l2_norm-mse_penalty-dists_lambda-1e-06_cpu_seed-0_two-stage_iter-1000.png,1000
